member,expression,augmentation,face_detected,source_path,hist_0,hist_1,hist_2,hist_3,hist_4,hist_5,hist_6,hist_7,hist_8,hist_9,hist_10,hist_11,hist_12,hist_13,hist_14,hist_15,hist_16,hist_17,hist_18,hist_19,hist_20,hist_21,hist_22,hist_23,hog_0,hog_1,hog_2,hog_3,hog_4,hog_5,hog_6,hog_7,hog_8,hog_9,hog_10,hog_11,hog_12,hog_13,hog_14,hog_15,hog_16,hog_17,hog_18,hog_19,hog_20,hog_21,hog_22,hog_23,hog_24,hog_25,hog_26,hog_27,hog_28,hog_29,hog_30,hog_31,hog_32,hog_33,hog_34,hog_35,hog_36,hog_37,hog_38,hog_39,hog_40,hog_41,hog_42,hog_43,hog_44,hog_45,hog_46,hog_47,hog_48,hog_49,hog_50,hog_51,hog_52,hog_53,hog_54,hog_55,hog_56,hog_57,hog_58,hog_59,hog_60,hog_61,hog_62,hog_63,hog_64,hog_65,hog_66,hog_67,hog_68,hog_69,hog_70,hog_71,hog_72,hog_73,hog_74,hog_75,hog_76,hog_77,hog_78,hog_79,hog_80,hog_81,hog_82,hog_83,hog_84,hog_85,hog_86,hog_87,hog_88,hog_89,hog_90,hog_91,hog_92,hog_93,hog_94,hog_95,hog_96,hog_97,hog_98,hog_99,hog_100,hog_101,hog_102,hog_103,hog_104,hog_105,hog_106,hog_107,hog_108,hog_109,hog_110,hog_111,hog_112,hog_113,hog_114,hog_115,hog_116,hog_117,hog_118,hog_119,hog_120,hog_121,hog_122,hog_123,hog_124,hog_125,hog_126,hog_127
alain,neutral,original,True,images/alain/neutral.jpg,0.00010705076419981197,0.42402806878089905,0.6106282472610474,0.2751418650150299,0.555689811706543,0.2004525512456894,0.12470343708992004,0.08430247753858566,0.0,0.28556638956069946,0.6539658308029175,0.2972782552242279,0.5097917318344116,0.31564635038375854,0.10541782528162003,0.17824994027614594,6.393087096512318e-05,0.14117002487182617,0.4144744873046875,0.3249925971031189,0.2815515697002411,0.6541619896888733,0.4420713186264038,0.0059562260285019875,0.4775585874424341,0.4775585874424341,0.18923470834792705,0.09056994900103295,0.4775585874424341,0.17457824599225083,0.11515609923268091,0.4775585874424341,0.3679016639647139,0.3679016639647139,0.3679016639647139,0.3190084752348962,0.3219797036333287,0.3679016639647139,0.34322658856518484,0.3679016639647139,0.35355339053803103,0.35355339053803103,0.35355339053803103,0.35355339053803103,0.35355339053803103,0.35355339053803103,0.35355339053803103,0.35355339053803103,0.46604252454465017,0.3290641696517992,0.06517249841898139,0.09010692995551853,0.46604252454465017,0.10279844160491092,0.46604252454465017,0.46604252454465017,0.3879623614248663,0.3879623614248663,0.30919633091782334,0.28744535497999196,0.3879623614248663,0.2630566993241238,0.3879623614248663,0.3879623614248663,0.3606528256748646,0.3606528256748646,0.3606528256748646,0.29917682898910136,0.3606528256748646,0.3606528256748646,0.3606528256748646,0.3606528256748646,0.35355339053803103,0.35355339053803103,0.35355339053803103,0.35355339053803103,0.35355339053803103,0.35355339053803103,0.35355339053803103,0.35355339053803103,0.36632521015548425,0.36632521015548425,0.36632521015548425,0.36632521015548425,0.34361719614821234,0.27706003790333483,0.36632521015548425,0.36632521015548425,0.5278186480546212,0.0675161299953096,0.04746228379910881,0.02735362400956025,0.09731302513098346,0.3836577665072399,0.5278186480546212,0.5278186480546212,0.3760750006218414,0.3760750006218414,0.3760750006218414,0.3290778935574093,0.3079272612576155,0.2995438380755505,0.3760750006218414,0.3760750006218414,0.36612992090037233,0.36612992090037233,0.24827840585778232,0.36612992090037233,0.36612992090037233,0.36612992090037233,0.36612992090037233,0.36612992090037233,0.5294128184886007,0.5294128184886007,0.32676314097199993,0.09493405054615772,0.16698716183106654,0.1109634522853025,0.2675936434129178,0.4602755178518211,0.4251599943893363,0.4251599943893363,0.4251599943893363,0.23349038239708586,0.14610551755144743,0.14258441174083944,0.4251599943893363,0.4251599943893363,0.35355339053803103,0.35355339053803103,0.35355339053803103,0.35355339053803103,0.35355339053803103,0.35355339053803103,0.35355339053803103,0.35355339053803103,0.36730371674777884,0.36730371674777884,0.36730371674777884,0.36730371674777884,0.36730371674777884,0.36730371674777884,0.36730371674777884,0.23583014503152946,0.5111298540125263,0.5111298540125263,0.3525669137452433,0.015487213232386767,0.15380371053203454,0.007919622681882928,0.5111298540125263,0.2607244371359726
alain,neutral,rotated,True,images/alain/neutral.jpg,7.553075556643307e-05,0.4290146827697754,0.5773894786834717,0.2639044523239136,0.5707319378852844,0.23810531198978424,0.16866017878055573,0.04524292051792145,0.0,0.2760540843009949,0.6379842162132263,0.2992435395717621,0.5230569243431091,0.31419506669044495,0.16573332250118256,0.1656772792339325,0.0,0.0955570638179779,0.4066466689109802,0.3235802948474884,0.2779339551925659,0.6781892776489258,0.4284689128398895,0.005432103760540485,0.422438072264977,0.422438072264977,0.422438072264977,0.22698760961784742,0.1754749505675192,0.1594225262076154,0.422438072264977,0.422438072264977,0.46586649828793253,0.46586649828793253,0.36717480178962836,0.1173987106252989,0.13934876613644667,0.17779090397993424,0.38636477620087506,0.46586649828793253,0.3266588196994225,0.24669824540336438,0.44501174928670645,0.44501174928670645,0.44501174928670645,0.35934217502992777,0.2940625921847763,0.15075812696196575,0.44751519820749674,0.33472825574676934,0.23914655259621856,0.2954211571030312,0.3165292383698145,0.20613574168067206,0.44751519820749674,0.44751519820749674,0.35355339053803103,0.35355339053803103,0.35355339053803103,0.35355339053803103,0.35355339053803103,0.35355339053803103,0.35355339053803103,0.35355339053803103,0.3829419997287834,0.3829419997287834,0.22832396047816617,0.2607694724604017,0.3829419997287834,0.3829419997287834,0.3829419997287834,0.3829419997287834,0.35355339053803103,0.35355339053803103,0.35355339053803103,0.35355339053803103,0.35355339053803103,0.35355339053803103,0.35355339053803103,0.35355339053803103,0.3748598792851512,0.3748598792851512,0.3748598792851512,0.3664991723506808,0.3000876921819813,0.2702333951003614,0.3748598792851512,0.3748598792851512,0.38235056171530557,0.10032225740557714,0.2142398357558532,0.22057324259923072,0.26126124354409325,0.47642235887356416,0.47642235887356416,0.47642235887356416,0.401085904793583,0.401085904793583,0.401085904793583,0.21809632735023118,0.310722043384644,0.22701605279935955,0.401085904793583,0.401085904793583,0.36073708213460093,0.3012443706156102,0.36073708213460093,0.3584192716430883,0.36073708213460093,0.36073708213460093,0.36073708213460093,0.36073708213460093,0.5384616998185467,0.5358888378922678,0.25319159316988155,0.07446844898340522,0.17392006278927452,0.12661796902207845,0.13041977338144148,0.5384616998185467,0.37866489972539613,0.012307006225157013,0.18643286200582052,0.0034809470885008927,0.07911090716592313,0.042627020285275756,0.6378152172758886,0.6378152172758886,0.3572355858578567,0.32661774761717105,0.3572355858578567,0.3572355858578567,0.3572355858578567,0.3572355858578567,0.3572355858578567,0.3572355858578567,0.35355339053803103,0.35355339053803103,0.35355339053803103,0.35355339053803103,0.35355339053803103,0.35355339053803103,0.35355339053803103,0.35355339053803103,0.4414845317363934,0.2538381926670046,0.19461403481376843,0.13062013107582227,0.40719637911582324,0.3606872104954273,0.4414845317363934,0.4414845317363934
alain,neutral,flipped,True,images/alain/neutral.jpg,0.00010705076419981197,0.42402806878089905,0.6106282472610474,0.2751418650150299,0.555689811706543,0.2004525512456894,0.12470343708992004,0.08430247753858566,0.0,0.28556638956069946,0.6539658308029175,0.2972782552242279,0.5097917318344116,0.31564635038375854,0.10541782528162003,0.17824994027614594,6.393087096512318e-05,0.14117002487182617,0.4144744873046875,0.3249925971031189,0.2815515697002411,0.6541619896888733,0.4420713186264038,0.0059562260285019875,0.47807716094653935,0.47807716094653935,0.13704126481641085,0.16290185281430747,0.39298792892102175,0.046431997746366534,0.3352818506381269,0.47807716094653935,0.36535812020384945,0.3403264238988361,0.36535812020384945,0.3374889930564307,0.36535812020384945,0.36535812020384945,0.36535812020384945,0.3206966236707478,0.37625480048792825,0.2986934026174151,0.37625480048792825,0.24774220782427747,0.37625480048792825,0.37625480048792825,0.37625480048792825,0.37625480048792825,0.482683311707142,0.10950003890460133,0.18490755934125344,0.05837474367989959,0.482683311707142,0.13593604045249832,0.482683311707142,0.482683311707142,0.36697086036400733,0.36697086036400733,0.2983514738581743,0.32090609774852774,0.36697086036400733,0.36697086036400733,0.36697086036400733,0.36697086036400733,0.360919851112418,0.2969141747799732,0.360919851112418,0.360919851112418,0.360919851112418,0.360919851112418,0.360919851112418,0.360919851112418,0.35911500604422947,0.35911500604422947,0.35911500604422947,0.35911500604422947,0.31185715754903237,0.35911500604422947,0.35911500604422947,0.35911500604422947,0.39155708905268605,0.39155708905268605,0.26802250133716293,0.3182310001857334,0.3759523428590783,0.26885867823743986,0.39155708905268605,0.39155708905268605,0.51860838344944,0.20087612813101216,0.20108080978905518,0.0381559113571326,0.2399555024787849,0.23090432112851464,0.51860838344944,0.51860838344944,0.3677791266248566,0.3677791266248566,0.3677791266248566,0.3677791266248566,0.3677791266248566,0.23058533733793632,0.3677791266248566,0.3677791266248566,0.3755633395412051,0.3755633395412051,0.301394826408209,0.2815274533134267,0.3543933209716291,0.3743227715674429,0.3755633395412051,0.3755633395412051,0.525841350962558,0.525841350962558,0.39825834962465184,0.04780487318609482,0.07139940329293243,0.024442090408648132,0.08549844506215178,0.5225719595579194,0.47384017312431287,0.47384017312431287,0.031176972474311494,0.014278619178637831,0.15638051515101464,0.27617243286679477,0.47384017312431287,0.47384017312431287,0.369462657448211,0.369462657448211,0.369462657448211,0.369462657448211,0.369462657448211,0.369462657448211,0.369462657448211,0.21090617088621283,0.35355339053803103,0.35355339053803103,0.35355339053803103,0.35355339053803103,0.35355339053803103,0.35355339053803103,0.35355339053803103,0.35355339053803103,0.4241566960021143,0.4241566960021143,0.1670407592989111,0.10428972749797992,0.2513952377623617,0.4241566960021143,0.4241566960021143,0.4223575030683766
alain,neutral,grayscale,True,images/alain/neutral.jpg,0.0,0.21325892210006714,0.5829867720603943,0.33477017283439636,0.38355356454849243,0.5751956105232239,0.052565790712833405,0.14781570434570312,0.0,0.21325892210006714,0.5829867720603943,0.33477017283439636,0.38355356454849243,0.5751956105232239,0.052565790712833405,0.14781570434570312,0.0,0.21325892210006714,0.5829867720603943,0.33477017283439636,0.38355356454849243,0.5751956105232239,0.052565790712833405,0.14781570434570312,0.4775585874424341,0.4775585874424341,0.18923470834792705,0.09056994900103295,0.4775585874424341,0.17457824599225083,0.11515609923268091,0.4775585874424341,0.3679016639647139,0.3679016639647139,0.3679016639647139,0.3190084752348962,0.3219797036333287,0.3679016639647139,0.34322658856518484,0.3679016639647139,0.35355339053803103,0.35355339053803103,0.35355339053803103,0.35355339053803103,0.35355339053803103,0.35355339053803103,0.35355339053803103,0.35355339053803103,0.46604252454465017,0.3290641696517992,0.06517249841898139,0.09010692995551853,0.46604252454465017,0.10279844160491092,0.46604252454465017,0.46604252454465017,0.3879623614248663,0.3879623614248663,0.30919633091782334,0.28744535497999196,0.3879623614248663,0.2630566993241238,0.3879623614248663,0.3879623614248663,0.3606528256748646,0.3606528256748646,0.3606528256748646,0.29917682898910136,0.3606528256748646,0.3606528256748646,0.3606528256748646,0.3606528256748646,0.35355339053803103,0.35355339053803103,0.35355339053803103,0.35355339053803103,0.35355339053803103,0.35355339053803103,0.35355339053803103,0.35355339053803103,0.36632521015548425,0.36632521015548425,0.36632521015548425,0.36632521015548425,0.34361719614821234,0.27706003790333483,0.36632521015548425,0.36632521015548425,0.5278186480546212,0.0675161299953096,0.04746228379910881,0.02735362400956025,0.09731302513098346,0.3836577665072399,0.5278186480546212,0.5278186480546212,0.3760750006218414,0.3760750006218414,0.3760750006218414,0.3290778935574093,0.3079272612576155,0.2995438380755505,0.3760750006218414,0.3760750006218414,0.36612992090037233,0.36612992090037233,0.24827840585778232,0.36612992090037233,0.36612992090037233,0.36612992090037233,0.36612992090037233,0.36612992090037233,0.5294128184886007,0.5294128184886007,0.32676314097199993,0.09493405054615772,0.16698716183106654,0.1109634522853025,0.2675936434129178,0.4602755178518211,0.4251599943893363,0.4251599943893363,0.4251599943893363,0.23349038239708586,0.14610551755144743,0.14258441174083944,0.4251599943893363,0.4251599943893363,0.35355339053803103,0.35355339053803103,0.35355339053803103,0.35355339053803103,0.35355339053803103,0.35355339053803103,0.35355339053803103,0.35355339053803103,0.36730371674777884,0.36730371674777884,0.36730371674777884,0.36730371674777884,0.36730371674777884,0.36730371674777884,0.36730371674777884,0.23583014503152946,0.5111298540125263,0.5111298540125263,0.3525669137452433,0.015487213232386767,0.15380371053203454,0.007919622681882928,0.5111298540125263,0.2607244371359726
alain,smiling,original,True,images/alain/smiling.jpg,0.05921443924307823,0.3672100007534027,0.5247006416320801,0.40688440203666687,0.6298437714576721,0.13580186665058136,0.07486841082572937,0.0058428081683814526,0.05969158560037613,0.24207216501235962,0.48701125383377075,0.3851470649242401,0.6713902354240417,0.30485478043556213,0.0924229696393013,0.008740819990634918,0.03370581567287445,0.12677454948425293,0.3010471761226654,0.35773685574531555,0.4855671525001526,0.5937647223472595,0.4189884662628174,0.017424356192350388,0.4796653598216101,0.4796653598216101,0.4796653598216101,0.15448211189424546,0.20137860562318532,0.11250369297056265,0.051082513089751126,0.4796653598216101,0.3729077139961468,0.3729077139961468,0.3729077139961468,0.3729077139961468,0.3729077139961468,0.29743874933686004,0.31338810507918713,0.34353641706664856,0.36399042806175036,0.08725829689213006,0.3117020336965923,0.4229976638864464,0.4229976638864464,0.4229976638864464,0.4229976638864464,0.21686563819894358,0.4871234249654724,0.0801115627465101,0.07331312390780134,0.08515561896630028,0.17832251327879342,0.4871234249654724,0.4871234249654724,0.4871234249654724,0.3782265010511707,0.3782265010511707,0.3782265010511707,0.31201326239803245,0.3782265010511707,0.21051367448607788,0.3782265010511707,0.3782265010511707,0.3949239368312236,0.18603484689070668,0.17205098098762805,0.3949239368312236,0.3949239368312236,0.3949239368312236,0.3949239368312236,0.3949239368312236,0.2519460739294272,0.3657718210455949,0.3657718210455949,0.3657718210455949,0.3657718210455949,0.3657718210455949,0.3657718210455949,0.3657718210455949,0.3797227355996649,0.3797227355996649,0.2231501896852851,0.3797227355996649,0.31105386271771873,0.3640092132280025,0.3797227355996649,0.3797227355996649,0.4597725753900762,0.4084607030756859,0.23383945621682517,0.27638710216876916,0.26149888166163787,0.11592751946928738,0.4443946837476493,0.4597725753900762,0.36091847105408476,0.36091847105408476,0.36091847105408476,0.36091847105408476,0.36091847105408476,0.36091847105408476,0.36091847105408476,0.2969259174242236,0.27139037909368025,0.3616442118494136,0.25592041548960126,0.4019356337335718,0.4019356337335718,0.4019356337335718,0.4019356337335718,0.28957978528157374,0.3736413388506639,0.37203455324407503,0.3608310055349271,0.2986491813173935,0.2894279571743188,0.3736413388506639,0.3736413388506639,0.3736413388506639,0.47760755241341807,0.14728491943267838,0.18637146426916723,0.08362374490982856,0.15538340336572606,0.47760755241341807,0.47760755241341807,0.47760755241341807,0.35749278928799166,0.35749278928799166,0.35749278928799166,0.35749278928799166,0.35749278928799166,0.35749278928799166,0.35749278928799166,0.32464186256571753,0.29827551586770723,0.30988784834051075,0.44282234906011725,0.44282234906011725,0.44282234906011725,0.37702014888532476,0.2098938603171889,0.20131247812489822,0.43059601729147906,0.43059601729147906,0.3175064597297066,0.09646678443150972,0.3191113798035722,0.2154066245929913,0.43059601729147906,0.43059601729147906
alain,smiling,rotated,True,images/alain/smiling.jpg,0.06854862719774246,0.3483772873878479,0.47588056325912476,0.37724778056144714,0.6978087425231934,0.13127709925174713,0.030881432816386223,0.005642992909997702,0.07317722588777542,0.22432126104831696,0.4512096643447876,0.3403870165348053,0.7167866826057434,0.33053573966026306,0.04198142886161804,0.008490626700222492,0.03715075924992561,0.12665891647338867,0.2697546184062958,0.3077002465724945,0.5084714293479919,0.6512075662612915,0.3636440336704254,0.016701754182577133,0.4810676141844682,0.4810676141844682,0.34259201868670836,0.02965574737190241,0.21517394264904424,0.012664667775992454,0.3755168133985419,0.4810676141844682,0.3902107180360543,0.3902107180360543,0.3902107180360543,0.3902107180360543,0.2606517946151231,0.2950219750146301,0.28931065222465674,0.3902107180360543,0.347731850696242,0.15315433551607174,0.41195542504432686,0.41195542504432686,0.41195542504432686,0.41195542504432686,0.41195542504432686,0.08420182885465546,0.358573295595449,0.020221343261583334,0.09489356671914667,0.033472914741538067,0.1643332458834418,0.5272209048520515,0.5272209048520515,0.5272209048520515,0.3672406347198396,0.3672406347198396,0.3672406347198396,0.3672406347198396,0.3672406347198396,0.23651683478522395,0.3672406347198396,0.3672406347198396,0.3897264782294732,0.17650400735408972,0.23984571709609948,0.3897264782294732,0.3897264782294732,0.3897264782294732,0.3897264782294732,0.3897264782294732,0.3509772940353854,0.269325028162496,0.3692179547752055,0.3692179547752055,0.3692179547752055,0.3692179547752055,0.35943534379483255,0.36027435247823597,0.3970731788738641,0.29791608193033087,0.21513726466756075,0.3970731788738641,0.27681477232888785,0.3970731788738641,0.3970731788738641,0.3970731788738641,0.3870886981631644,0.24245132106156755,0.3870886981631644,0.3870886981631644,0.20540544069470454,0.3870886981631644,0.3870886981631644,0.3870886981631644,0.3670246614271039,0.3670246614271039,0.3670246614271039,0.3670246614271039,0.26810133022294386,0.3462355611745258,0.3670246614271039,0.3670246614271039,0.37474906249827716,0.37474906249827716,0.37474906249827716,0.37474906249827716,0.37474906249827716,0.37474906249827716,0.37474906249827716,0.13016136425815494,0.4174396666640755,0.1896357476517455,0.2627165387590964,0.1540744187601941,0.4174396666640755,0.4174396666640755,0.4174396666640755,0.4174396666640755,0.5490685182669078,0.011253995501883584,0.04624038621192152,0.003117456133328558,0.07551683334033278,0.29596275037338243,0.5490685182669078,0.5490685182669078,0.35355339053803103,0.35355339053803103,0.35355339053803103,0.35355339053803103,0.35355339053803103,0.35355339053803103,0.35355339053803103,0.35355339053803103,0.1859362096525965,0.4230052439567338,0.4230052439567338,0.4230052439567338,0.4230052439567338,0.4230052439567338,0.21944165430214735,0.15035259816627614,0.40081928281460877,0.40081928281460877,0.40081928281460877,0.3564616350131727,0.2514914709674512,0.08004158302180335,0.40081928281460877,0.40081928281460877
alain,smiling,flipped,True,images/alain/smiling.jpg,0.05921443924307823,0.3672100007534027,0.5247006416320801,0.40688440203666687,0.6298437714576721,0.13580186665058136,0.07486841082572937,0.0058428081683814526,0.05969158560037613,0.24207216501235962,0.48701125383377075,0.3851470649242401,0.6713902354240417,0.30485478043556213,0.0924229696393013,0.008740819990634918,0.03370581567287445,0.12677454948425293,0.3010471761226654,0.35773685574531555,0.4855671525001526,0.5937647223472595,0.4189884662628174,0.017424356192350388,0.5114795900439916,0.5114795900439916,0.5114795900439916,0.1516677319252876,0.12183942830387515,0.046675855406139465,0.11258877789554197,0.40306707961402644,0.45524018366217983,0.26509801976741343,0.45524018366217983,0.45524018366217983,0.45524018366217983,0.28943901492329366,0.11845131302199578,0.05424834741984845,0.3750102737350403,0.27842403101385343,0.34383428403333577,0.31795363921733805,0.3750102737350403,0.3750102737350403,0.3750102737350403,0.3750102737350403,0.4783495937692901,0.04640798715779003,0.12022424030275661,0.1464533458737135,0.21603359054775856,0.4783495937692901,0.4783495937692901,0.4783495937692901,0.38681839076970786,0.38681839076970786,0.38681839076970786,0.2463064357409031,0.38681839076970786,0.20386842500137828,0.38681839076970786,0.38681839076970786,0.36666221981764263,0.36666221981764263,0.36666221981764263,0.36666221981764263,0.36666221981764263,0.3626498489057051,0.36666221981764263,0.24867244741418074,0.39468585396811845,0.39468585396811845,0.39468585396811845,0.39468585396811845,0.39468585396811845,0.17355558092755277,0.18766171693821854,0.39468585396811845,0.3688738943640453,0.3688738943640453,0.21800080288098014,0.3688738943640453,0.3688738943640453,0.3688738943640453,0.3688738943640453,0.3688738943640453,0.3772931547493657,0.3772931547493657,0.3772931547493657,0.22691893881406192,0.3757563801184853,0.3091347837889375,0.3772931547493657,0.3772931547493657,0.32743461232193616,0.4012808781523792,0.4012808781523792,0.4012808781523792,0.4012808781523792,0.2503555164536619,0.36428016939452557,0.2308750205958953,0.33744449726109893,0.3557951278377826,0.3557951278377826,0.3557951278377826,0.3557951278377826,0.3557951278377826,0.3557951278377826,0.3557951278377826,0.469408906391953,0.4065043735956816,0.14822078744012018,0.2098900199041371,0.322623061751887,0.21358333225062595,0.42230089843898105,0.469408906391953,0.4324026305196912,0.4324026305196912,0.2677646038023812,0.21172523196216947,0.2262038472667037,0.29054814161174186,0.4324026305196912,0.4324026305196912,0.3146410709062992,0.19482136936696529,0.3691189875901496,0.4181633818393028,0.4181633818393028,0.4181633818393028,0.4181633818393028,0.16539149752952487,0.35355339053803103,0.35355339053803103,0.35355339053803103,0.35355339053803103,0.35355339053803103,0.35355339053803103,0.35355339053803103,0.35355339053803103,0.5250155482055509,0.5250155482055509,0.5250155482055509,0.1195503847202357,0.12207660201745207,0.17846104182587066,0.1588526627279461,0.2946158831189415
alain,smiling,grayscale,True,images/alain/smiling.jpg,0.052183620631694794,0.1943216770887375,0.43478137254714966,0.41801854968070984,0.6163106560707092,0.4518284797668457,0.10804387927055359,0.0089641734957695,0.052183620631694794,0.1943216770887375,0.43478137254714966,0.41801854968070984,0.6163106560707092,0.4518284797668457,0.10804387927055359,0.0089641734957695,0.052183620631694794,0.1943216770887375,0.43478137254714966,0.41801854968070984,0.6163106560707092,0.4518284797668457,0.10804387927055359,0.0089641734957695,0.4796653598216101,0.4796653598216101,0.4796653598216101,0.15448211189424546,0.20137860562318532,0.11250369297056265,0.051082513089751126,0.4796653598216101,0.3729077139961468,0.3729077139961468,0.3729077139961468,0.3729077139961468,0.3729077139961468,0.29743874933686004,0.31338810507918713,0.34353641706664856,0.36399042806175036,0.08725829689213006,0.3117020336965923,0.4229976638864464,0.4229976638864464,0.4229976638864464,0.4229976638864464,0.21686563819894358,0.4871234249654724,0.0801115627465101,0.07331312390780134,0.08515561896630028,0.17832251327879342,0.4871234249654724,0.4871234249654724,0.4871234249654724,0.3782265010511707,0.3782265010511707,0.3782265010511707,0.31201326239803245,0.3782265010511707,0.21051367448607788,0.3782265010511707,0.3782265010511707,0.3949239368312236,0.18603484689070668,0.17205098098762805,0.3949239368312236,0.3949239368312236,0.3949239368312236,0.3949239368312236,0.3949239368312236,0.2519460739294272,0.3657718210455949,0.3657718210455949,0.3657718210455949,0.3657718210455949,0.3657718210455949,0.3657718210455949,0.3657718210455949,0.3797227355996649,0.3797227355996649,0.2231501896852851,0.3797227355996649,0.31105386271771873,0.3640092132280025,0.3797227355996649,0.3797227355996649,0.4597725753900762,0.4084607030756859,0.23383945621682517,0.27638710216876916,0.26149888166163787,0.11592751946928738,0.4443946837476493,0.4597725753900762,0.36091847105408476,0.36091847105408476,0.36091847105408476,0.36091847105408476,0.36091847105408476,0.36091847105408476,0.36091847105408476,0.2969259174242236,0.27139037909368025,0.3616442118494136,0.25592041548960126,0.4019356337335718,0.4019356337335718,0.4019356337335718,0.4019356337335718,0.28957978528157374,0.3736413388506639,0.37203455324407503,0.3608310055349271,0.2986491813173935,0.2894279571743188,0.3736413388506639,0.3736413388506639,0.3736413388506639,0.47760755241341807,0.14728491943267838,0.18637146426916723,0.08362374490982856,0.15538340336572606,0.47760755241341807,0.47760755241341807,0.47760755241341807,0.35749278928799166,0.35749278928799166,0.35749278928799166,0.35749278928799166,0.35749278928799166,0.35749278928799166,0.35749278928799166,0.32464186256571753,0.29827551586770723,0.30988784834051075,0.44282234906011725,0.44282234906011725,0.44282234906011725,0.37702014888532476,0.2098938603171889,0.20131247812489822,0.43059601729147906,0.43059601729147906,0.3175064597297066,0.09646678443150972,0.3191113798035722,0.2154066245929913,0.43059601729147906,0.43059601729147906
alain,surprised,original,True,images/alain/surprised.jpg,0.0,0.35499632358551025,0.6567783355712891,0.3000616431236267,0.2160666137933731,0.3300323486328125,0.43146204948425293,0.10400635749101639,2.3361941202892922e-05,0.36671239137649536,0.6276574730873108,0.2723301351070404,0.23542606830596924,0.3598673343658447,0.44878289103507996,0.10520660877227783,4.989577064407058e-05,0.21145115792751312,0.5900816321372986,0.20167158544063568,0.2039240151643753,0.32661059498786926,0.6458722352981567,0.031783606857061386,0.49453014526481315,0.49453014526481315,0.49453014526481315,0.07228286437962661,0.06590437632315135,0.018155180854231755,0.1089124932812311,0.49453014526481315,0.38057764574429265,0.38057764574429265,0.38057764574429265,0.21090891116330682,0.38057764574429265,0.38057764574429265,0.38057764574429265,0.29407713985993494,0.40033587522936187,0.40033587522936187,0.40033587522936187,0.40033587522936187,0.40033587522936187,0.318800738675396,0.10747488641246702,0.2923545320867818,0.47545557762008517,0.23502131380992564,0.11726246747272628,0.02667822367850747,0.16146436892789504,0.47545557762008517,0.47545557762008517,0.47545557762008517,0.4716695585651703,0.4716695585651703,0.2755302147328202,0.07919314598613021,0.11558653444795425,0.12067563543643099,0.4716695585651703,0.4716695585651703,0.3861611759320449,0.3861611759320449,0.3861611759320449,0.21017067339401355,0.3081126024202639,0.3395477034468341,0.3861611759320449,0.3861611759320449,0.35355339053803103,0.35355339053803103,0.35355339053803103,0.35355339053803103,0.35355339053803103,0.35355339053803103,0.35355339053803103,0.35355339053803103,0.42104522147083884,0.42104522147083884,0.25685326498864225,0.1967648970337415,0.13854183071757908,0.4086561172483394,0.42104522147083884,0.42104522147083884,0.555166037749755,0.26287289745906517,0.05911736640894059,0.02270646161486124,0.04594815856638955,0.012172547507680686,0.555166037749755,0.555166037749755,0.42394592941453524,0.42394592941453524,0.3451856592105872,0.19234840069917508,0.2028563967816355,0.28944365771364133,0.42394592941453524,0.42394592941453524,0.35879148888043344,0.3144529729974015,0.35879148888043344,0.35879148888043344,0.35879148888043344,0.35879148888043344,0.35879148888043344,0.35879148888043344,0.48720165226428336,0.48720165226428336,0.48720165226428336,0.11642799020801049,0.0840494033484387,0.10131369164911058,0.14019256866082266,0.48720165226428336,0.45186752128535973,0.45186752128535973,0.3259541094514113,0.13631994873448328,0.21885216345033542,0.10265229165056175,0.45186752128535973,0.45186752128535973,0.36741816231646895,0.29405939250528623,0.36741816231646895,0.36741816231646895,0.36741816231646895,0.36741816231646895,0.36741816231646895,0.3217956453121526,0.38670256887819854,0.38670256887819854,0.38670256887819854,0.2719631729392466,0.1697137929839016,0.38670256887819854,0.38670256887819854,0.38670256887819854,0.4135583754554303,0.4135583754554303,0.2203736252315516,0.0033266637307722315,0.3868605487318975,0.4135583754554303,0.34298862135742364,0.4135583754554303
alain,surprised,rotated,True,images/alain/surprised.jpg,0.0,0.35071879625320435,0.6641442179679871,0.2791694700717926,0.22062981128692627,0.33861568570137024,0.42198917269706726,0.12868651747703552,7.795246347086504e-06,0.3585033714771271,0.6322724223136902,0.25637784600257874,0.23414582014083862,0.3841419517993927,0.43568411469459534,0.1173340454697609,0.0,0.21246790885925293,0.6014377474784851,0.20036132633686066,0.20024582743644714,0.37116730213165283,0.610952615737915,0.04311298578977585,0.4261866889185365,0.4261866889185365,0.409639829195768,0.08687617414059841,0.3125547849549107,0.020417428963377008,0.4261866889185365,0.4261866889185365,0.4544320658130135,0.4544320658130135,0.4544320658130135,0.16734154303058063,0.11329307106921092,0.10413897113568646,0.3496892226564159,0.4544320658130135,0.3629179150593652,0.3629179150593652,0.3629179150593652,0.3629179150593652,0.35380105687789426,0.3629179150593652,0.3629179150593652,0.290806350337457,0.5038177940165787,0.1978292385089823,0.08412591459014157,0.08272496993929306,0.1087669146701457,0.4166721147007955,0.5038177940165787,0.5038177940165787,0.47714826620791567,0.26491872505250774,0.2680247777302741,0.22414956975506825,0.2510819528880315,0.24836305390879895,0.47714826620791567,0.47714826620791567,0.43251413367665004,0.2722495722068192,0.28081103921670486,0.17246674985540042,0.26269116295305645,0.43251413367665004,0.43251413367665004,0.43251413367665004,0.3580141943315363,0.32059453563582685,0.3580141943315363,0.3580141943315363,0.3580141943315363,0.3580141943315363,0.3580141943315363,0.3580141943315363,0.4767093360636314,0.16474337878710374,0.17566336294693038,0.13395435545895845,0.2531501560248464,0.42215856900380494,0.4767093360636314,0.4767093360636314,0.5639218514124725,0.05942247324166937,0.047139821454941534,0.017906789695604726,0.07987426900740184,0.18309202780005954,0.5639218514124725,0.5639218514124725,0.41814944982344454,0.41814944982344454,0.41814944982344454,0.19152757127333947,0.2360026449157225,0.18268861119278912,0.41814944982344454,0.41814944982344454,0.3649602502594934,0.2600540516521625,0.3649602502594934,0.3649602502594934,0.3649602502594934,0.3649602502594934,0.3649602502594934,0.3649602502594934,0.4643243048307002,0.4643243048307002,0.2367092650432043,0.0584175497040312,0.19082463070441352,0.20433754740811214,0.4643243048307002,0.4643243048307002,0.5242839731830202,0.3774559959650129,0.02824926239144603,0.0,0.047291022689151856,0.17283360541430404,0.5242839731830202,0.5242839731830202,0.38397212836740663,0.38397212836740663,0.38397212836740663,0.26580032067281945,0.21152450681578824,0.38397212836740663,0.38397212836740663,0.38397212836740663,0.35355339053803103,0.35355339053803103,0.35355339053803103,0.35355339053803103,0.35355339053803103,0.35355339053803103,0.35355339053803103,0.35355339053803103,0.45875631363781033,0.279971917410173,0.14355450462961375,0.052672229875788415,0.2374953560088572,0.45875631363781033,0.45875631363781033,0.45875631363781033
alain,surprised,flipped,True,images/alain/surprised.jpg,0.0,0.35499632358551025,0.6567783355712891,0.3000616431236267,0.2160666137933731,0.3300323486328125,0.43146204948425293,0.10400635749101639,2.3361941202892922e-05,0.36671239137649536,0.6276574730873108,0.2723301351070404,0.23542606830596924,0.3598673343658447,0.44878289103507996,0.10520660877227783,4.989577064407058e-05,0.21145115792751312,0.5900816321372986,0.20167158544063568,0.2039240151643753,0.32661059498786926,0.6458722352981567,0.031783606857061386,0.47808532991470715,0.47808532991470715,0.47808532991470715,0.12934375725965375,0.05006975395451276,0.09700020372799896,0.23893899092359383,0.47808532991470715,0.3850323383086561,0.09682789475605486,0.3180014923957072,0.3850323383086561,0.3850323383086561,0.3850323383086561,0.3850323383086561,0.3850323383086561,0.3662099513252333,0.3662099513252333,0.3662099513252333,0.3662099513252333,0.24745080423655355,0.3662099513252333,0.3662099513252333,0.3662099513252333,0.4933573982596249,0.11475398496004838,0.020302324994923668,0.041601005310057164,0.10527395031181144,0.4933573982596249,0.4933573982596249,0.4933573982596249,0.41930379230349607,0.41930379230349607,0.41930379230349607,0.11567730097450313,0.21583120241624043,0.24689532693594668,0.41930379230349607,0.41930379230349607,0.35355339053803103,0.35355339053803103,0.35355339053803103,0.35355339053803103,0.35355339053803103,0.35355339053803103,0.35355339053803103,0.35355339053803103,0.38067620420375453,0.37762261518304957,0.38067620420375453,0.2908524169062804,0.21962278908371693,0.38067620420375453,0.38067620420375453,0.38067620420375453,0.4712620125294416,0.4712620125294416,0.15259885176676324,0.0730549500989574,0.12546857900492567,0.2593890167674242,0.4712620125294416,0.4712620125294416,0.4841675155297336,0.12992113120912854,0.12360407326405613,0.041885855588884774,0.16856860584485078,0.4841675155297336,0.4841675155297336,0.4841675155297336,0.35867343792731204,0.35867343792731204,0.35867343792731204,0.35867343792731204,0.35867343792731204,0.35867343792731204,0.31539428364541067,0.35867343792731204,0.4300297837710364,0.4300297837710364,0.3045947319954043,0.18388196322169573,0.22093115131946042,0.2913699350243075,0.4300297837710364,0.4300297837710364,0.5543660423941119,0.5543660423941119,0.03620867370511665,0.005354870785699185,0.05704501829508424,0.022599495081828475,0.2700560282047221,0.5543660423941119,0.4226739267512367,0.3424950358560704,0.4226739267512367,0.34593359429444775,0.06697524536394735,0.20959108137761986,0.4226739267512367,0.4226739267512367,0.3856309397981293,0.3856309397981293,0.3856309397981293,0.14663027491796948,0.29365325083876104,0.3856309397981293,0.3856309397981293,0.3856309397981293,0.35355339053803103,0.35355339053803103,0.35355339053803103,0.35355339053803103,0.35355339053803103,0.35355339053803103,0.35355339053803103,0.35355339053803103,0.4534023659268332,0.4534023659268332,0.11614583751860598,0.1261000627062816,0.22397151479870656,0.31329037161268125,0.4534023659268332,0.4534023659268332
alain,surprised,grayscale,True,images/alain/surprised.jpg,0.0,0.3064770996570587,0.6276328563690186,0.2562223970890045,0.24328011274337769,0.3819815218448639,0.4861089289188385,0.07142743468284607,0.0,0.3064770996570587,0.6276328563690186,0.2562223970890045,0.24328011274337769,0.3819815218448639,0.4861089289188385,0.07142743468284607,0.0,0.3064770996570587,0.6276328563690186,0.2562223970890045,0.24328011274337769,0.3819815218448639,0.4861089289188385,0.07142743468284607,0.49453014526481315,0.49453014526481315,0.49453014526481315,0.07228286437962661,0.06590437632315135,0.018155180854231755,0.1089124932812311,0.49453014526481315,0.38057764574429265,0.38057764574429265,0.38057764574429265,0.21090891116330682,0.38057764574429265,0.38057764574429265,0.38057764574429265,0.29407713985993494,0.40033587522936187,0.40033587522936187,0.40033587522936187,0.40033587522936187,0.40033587522936187,0.318800738675396,0.10747488641246702,0.2923545320867818,0.47545557762008517,0.23502131380992564,0.11726246747272628,0.02667822367850747,0.16146436892789504,0.47545557762008517,0.47545557762008517,0.47545557762008517,0.4716695585651703,0.4716695585651703,0.2755302147328202,0.07919314598613021,0.11558653444795425,0.12067563543643099,0.4716695585651703,0.4716695585651703,0.3861611759320449,0.3861611759320449,0.3861611759320449,0.21017067339401355,0.3081126024202639,0.3395477034468341,0.3861611759320449,0.3861611759320449,0.35355339053803103,0.35355339053803103,0.35355339053803103,0.35355339053803103,0.35355339053803103,0.35355339053803103,0.35355339053803103,0.35355339053803103,0.42104522147083884,0.42104522147083884,0.25685326498864225,0.1967648970337415,0.13854183071757908,0.4086561172483394,0.42104522147083884,0.42104522147083884,0.555166037749755,0.26287289745906517,0.05911736640894059,0.02270646161486124,0.04594815856638955,0.012172547507680686,0.555166037749755,0.555166037749755,0.42394592941453524,0.42394592941453524,0.3451856592105872,0.19234840069917508,0.2028563967816355,0.28944365771364133,0.42394592941453524,0.42394592941453524,0.35879148888043344,0.3144529729974015,0.35879148888043344,0.35879148888043344,0.35879148888043344,0.35879148888043344,0.35879148888043344,0.35879148888043344,0.48720165226428336,0.48720165226428336,0.48720165226428336,0.11642799020801049,0.0840494033484387,0.10131369164911058,0.14019256866082266,0.48720165226428336,0.45186752128535973,0.45186752128535973,0.3259541094514113,0.13631994873448328,0.21885216345033542,0.10265229165056175,0.45186752128535973,0.45186752128535973,0.36741816231646895,0.29405939250528623,0.36741816231646895,0.36741816231646895,0.36741816231646895,0.36741816231646895,0.36741816231646895,0.3217956453121526,0.38670256887819854,0.38670256887819854,0.38670256887819854,0.2719631729392466,0.1697137929839016,0.38670256887819854,0.38670256887819854,0.38670256887819854,0.4135583754554303,0.4135583754554303,0.2203736252315516,0.0033266637307722315,0.3868605487318975,0.4135583754554303,0.34298862135742364,0.4135583754554303
hakim,neutral,original,False,images/hakim/neutral.jpg,0.14339490234851837,0.5699663162231445,0.6862583160400391,0.30557188391685486,0.27784955501556396,0.10462631285190582,0.030227521434426308,0.03450837731361389,0.3263305127620697,0.20527948439121246,0.3588956296443939,0.6368616223335266,0.5110548734664917,0.22560060024261475,0.05877421796321869,0.03798508271574974,0.3310733139514923,0.10995318740606308,0.30841925740242004,0.4635976254940033,0.5976070761680603,0.45464909076690674,0.054806970059871674,0.03757330775260925,0.3629834794547686,0.3629834794547686,0.3629834794547686,0.3629834794547686,0.3629834794547686,0.2787489106184529,0.3629834794547686,0.3629834794547686,0.35355339053803103,0.35355339053803103,0.35355339053803103,0.35355339053803103,0.35355339053803103,0.35355339053803103,0.35355339053803103,0.35355339053803103,0.36139701199269797,0.36139701199269797,0.36139701199269797,0.36139701199269797,0.36139701199269797,0.36139701199269797,0.36139701199269797,0.2928231509507544,0.38461366851742135,0.3835615411247639,0.38461366851742135,0.25015319540330155,0.38461366851742135,0.22509009879945863,0.38461366851742135,0.38461366851742135,0.35355339053803103,0.35355339053803103,0.35355339053803103,0.35355339053803103,0.35355339053803103,0.35355339053803103,0.35355339053803103,0.35355339053803103,0.30637082700086554,0.4120337094508657,0.4120337094508657,0.4120337094508657,0.4120337094508657,0.3074005988580502,0.29740603480881955,0.21001030289969522,0.17746802404429704,0.11537565117221378,0.14198840218087688,0.4745824411816568,0.4745824411816568,0.4745824411816568,0.4745824411816568,0.18471296307971383,0.4088214928038675,0.23407733029673233,0.1358006448144156,0.30181272835881595,0.4088214928038675,0.4088214928038675,0.4088214928038675,0.4088214928038675,0.35355339053803103,0.35355339053803103,0.35355339053803103,0.35355339053803103,0.35355339053803103,0.35355339053803103,0.35355339053803103,0.35355339053803103,0.20169823698804085,0.22324323574821356,0.397616681103257,0.5130291663955673,0.5130291663955673,0.37414904783473335,0.21961137475249126,0.19174654124035456,0.3973545513978414,0.3973545513978414,0.3973545513978414,0.3973545513978414,0.3973545513978414,0.3973545513978414,0.10619991869986267,0.203415190617459,0.4151310853618653,0.4151310853618653,0.3760768480854906,0.3122583810990949,0.4151310853618653,0.18470675171914647,0.19393053155988843,0.4151310853618653,0.3571759830718762,0.3571759830718762,0.3571759830718762,0.3571759830718762,0.3571759830718762,0.3571759830718762,0.3270737218083029,0.3571759830718762,0.36237607972769725,0.36237607972769725,0.36237607972769725,0.36237607972769725,0.36237607972769725,0.36237607972769725,0.36237607972769725,0.28422708801239904,0.3693220279554064,0.3693220279554064,0.3693220279554064,0.3693220279554064,0.3693220279554064,0.3693220279554064,0.234269891891986,0.3559846280576675,0.37993970285367434,0.37993970285367434,0.37993970285367434,0.37993970285367434,0.37993970285367434,0.2903455546161309,0.22265307481940536,0.37993970285367434
hakim,neutral,rotated,False,images/hakim/neutral.jpg,0.12941639125347137,0.5604839324951172,0.6889665126800537,0.33537164330482483,0.2523029148578644,0.13037081062793732,0.029339782893657684,0.021120797842741013,0.3181605339050293,0.1921657770872116,0.3266982436180115,0.6527760028839111,0.5066854357719421,0.261783242225647,0.05652682110667229,0.023280587047338486,0.3195735812187195,0.10296649485826492,0.2780272364616394,0.4209699034690857,0.6428476572036743,0.4649120271205902,0.05328191816806793,0.022815098986029625,0.35355339053803103,0.35355339053803103,0.35355339053803103,0.35355339053803103,0.35355339053803103,0.35355339053803103,0.35355339053803103,0.35355339053803103,0.36751503892825316,0.3196072396537537,0.36751503892825316,0.36751503892825316,0.36751503892825316,0.36751503892825316,0.36751503892825316,0.2957150469499769,0.3774178789700811,0.21347373800652117,0.3158534955129727,0.3774178789700811,0.3774178789700811,0.3774178789700811,0.3774178789700811,0.3774178789700811,0.23226839200198565,0.2935861293852798,0.3953842122849416,0.3953842122849416,0.3953842122849416,0.3953842122849416,0.3953842122849416,0.27966980834126726,0.35355339053803103,0.35355339053803103,0.35355339053803103,0.35355339053803103,0.35355339053803103,0.35355339053803103,0.35355339053803103,0.35355339053803103,0.20286125223322868,0.27961843110385315,0.48808780371913474,0.48808780371913474,0.48808780371913474,0.24472708458266912,0.2928851650612764,0.14247338865346784,0.26717558270503167,0.15277653513586714,0.34265283630420484,0.4771877044816054,0.4771877044816054,0.4771877044816054,0.31063303234621714,0.09082056381481855,0.2797368555432047,0.12522309777604831,0.214551816671771,0.29480117831773683,0.43963799033303613,0.43963799033303613,0.43963799033303613,0.43963799033303613,0.36016716041151825,0.3046120846733416,0.35901138827797896,0.36016716041151825,0.36016716041151825,0.36016716041151825,0.36016716041151825,0.36016716041151825,0.25293248189516393,0.2819415603552604,0.4065739741856129,0.4065739741856129,0.4065739741856129,0.4065739741856129,0.3940809511123148,0.2000618248532619,0.2260658674662922,0.4205453759996893,0.4512941956908745,0.4512941956908745,0.4512941956908745,0.12264492473993274,0.3777406134524709,0.05750398224552601,0.36956174871544,0.2592691798716681,0.33663656269862996,0.36956174871544,0.36956174871544,0.36956174871544,0.36956174871544,0.36956174871544,0.31898903793746486,0.24853432158328279,0.4631493392106918,0.4631493392106918,0.4631493392106918,0.2764094233498319,0.23375124608144135,0.24882310692434723,0.3570801824083218,0.3278051296119568,0.3570801824083218,0.3570801824083218,0.3570801824083218,0.3570801824083218,0.3570801824083218,0.3570801824083218,0.37600860610558823,0.37600860610558823,0.37600860610558823,0.37600860610558823,0.37600860610558823,0.28744015812543533,0.37600860610558823,0.2628370673070367,0.3551215719321295,0.3551215719321295,0.3551215719321295,0.3551215719321295,0.3551215719321295,0.3551215719321295,0.34237506294106057,0.3551215719321295
hakim,neutral,flipped,False,images/hakim/neutral.jpg,0.14339490234851837,0.5699663162231445,0.6862583160400391,0.30557188391685486,0.27784955501556396,0.10462631285190582,0.030227521434426308,0.03450837731361389,0.3263305127620697,0.20527948439121246,0.3588956296443939,0.6368616223335266,0.5110548734664917,0.22560060024261475,0.05877421796321869,0.03798508271574974,0.3310733139514923,0.10995318740606308,0.30841925740242004,0.4635976254940033,0.5976070761680603,0.45464909076690674,0.054806970059871674,0.03757330775260925,0.368665211876621,0.36233338082442185,0.2411684604039771,0.3619144957952989,0.368665211876621,0.368665211876621,0.368665211876621,0.368665211876621,0.3554166968406163,0.3554166968406163,0.3554166968406163,0.3554166968406163,0.3554166968406163,0.3554166968406163,0.3554166968406163,0.34022463304783707,0.35355339053803103,0.35355339053803103,0.35355339053803103,0.35355339053803103,0.35355339053803103,0.35355339053803103,0.35355339053803103,0.35355339053803103,0.3552841701626246,0.3552841701626246,0.3411921873481559,0.3552841701626246,0.3552841701626246,0.3552841701626246,0.3552841701626246,0.3552841701626246,0.40149591752034053,0.40149591752034053,0.40149591752034053,0.35420656183884686,0.40149591752034053,0.12463478178753393,0.230236885378036,0.40149591752034053,0.23291794080901554,0.47306481911316023,0.47306481911316023,0.47306481911316023,0.47306481911316023,0.1354912084763294,0.12296670439634255,0.13080237763538655,0.24453470936857583,0.2548554683958039,0.3366564674888914,0.41655011237570655,0.41655011237570655,0.41655011237570655,0.41655011237570655,0.2604954973239317,0.35355339053803103,0.35355339053803103,0.35355339053803103,0.35355339053803103,0.35355339053803103,0.35355339053803103,0.35355339053803103,0.35355339053803103,0.42186085534604206,0.19132210545192352,0.1887689155127234,0.30384031130084654,0.42186085534604206,0.35153504546788006,0.42186085534604206,0.42186085534604206,0.21216997777418253,0.09930731999680578,0.4064337181607101,0.3684196555165737,0.4064337181607101,0.4064337181607101,0.4064337181607101,0.38553267657965773,0.20886789729632663,0.1954531893045887,0.3996711607814895,0.5100216126489853,0.5100216126489853,0.3824456447325893,0.23984035310484972,0.18548061345709266,0.35355339053803103,0.35355339053803103,0.35355339053803103,0.35355339053803103,0.35355339053803103,0.35355339053803103,0.35355339053803103,0.35355339053803103,0.38013912841292574,0.2081166039783338,0.29942100307765274,0.38013912841292574,0.38013912841292574,0.38013912841292574,0.38013912841292574,0.38013912841292574,0.36858380688990255,0.22140876394170583,0.36858380688990255,0.36858380688990255,0.36858380688990255,0.36858380688990255,0.36858380688990255,0.36858380688990255,0.35844909386492446,0.3171746040128171,0.35844909386492446,0.35844909386492446,0.35844909386492446,0.35844909386492446,0.35844909386492446,0.35844909386492446,0.3635155313880661,0.2738525310220898,0.3635155313880661,0.3635155313880661,0.3635155313880661,0.3635155313880661,0.3635155313880661,0.3635155313880661
hakim,neutral,grayscale,False,images/hakim/neutral.jpg,0.30180928111076355,0.1613670289516449,0.35697394609451294,0.5843807458877563,0.6215747594833374,0.15517647564411163,0.04674408957362175,0.03633962199091911,0.30180928111076355,0.1613670289516449,0.35697394609451294,0.5843807458877563,0.6215747594833374,0.15517647564411163,0.04674408957362175,0.03633962199091911,0.30180928111076355,0.1613670289516449,0.35697394609451294,0.5843807458877563,0.6215747594833374,0.15517647564411163,0.04674408957362175,0.03633962199091911,0.3629834794547686,0.3629834794547686,0.3629834794547686,0.3629834794547686,0.3629834794547686,0.2787489106184529,0.3629834794547686,0.3629834794547686,0.35355339053803103,0.35355339053803103,0.35355339053803103,0.35355339053803103,0.35355339053803103,0.35355339053803103,0.35355339053803103,0.35355339053803103,0.36139701199269797,0.36139701199269797,0.36139701199269797,0.36139701199269797,0.36139701199269797,0.36139701199269797,0.36139701199269797,0.2928231509507544,0.38461366851742135,0.3835615411247639,0.38461366851742135,0.25015319540330155,0.38461366851742135,0.22509009879945863,0.38461366851742135,0.38461366851742135,0.35355339053803103,0.35355339053803103,0.35355339053803103,0.35355339053803103,0.35355339053803103,0.35355339053803103,0.35355339053803103,0.35355339053803103,0.30637082700086554,0.4120337094508657,0.4120337094508657,0.4120337094508657,0.4120337094508657,0.3074005988580502,0.29740603480881955,0.21001030289969522,0.17746802404429704,0.11537565117221378,0.14198840218087688,0.4745824411816568,0.4745824411816568,0.4745824411816568,0.4745824411816568,0.18471296307971383,0.4088214928038675,0.23407733029673233,0.1358006448144156,0.30181272835881595,0.4088214928038675,0.4088214928038675,0.4088214928038675,0.4088214928038675,0.35355339053803103,0.35355339053803103,0.35355339053803103,0.35355339053803103,0.35355339053803103,0.35355339053803103,0.35355339053803103,0.35355339053803103,0.20169823698804085,0.22324323574821356,0.397616681103257,0.5130291663955673,0.5130291663955673,0.37414904783473335,0.21961137475249126,0.19174654124035456,0.3973545513978414,0.3973545513978414,0.3973545513978414,0.3973545513978414,0.3973545513978414,0.3973545513978414,0.10619991869986267,0.203415190617459,0.4151310853618653,0.4151310853618653,0.3760768480854906,0.3122583810990949,0.4151310853618653,0.18470675171914647,0.19393053155988843,0.4151310853618653,0.3571759830718762,0.3571759830718762,0.3571759830718762,0.3571759830718762,0.3571759830718762,0.3571759830718762,0.3270737218083029,0.3571759830718762,0.36237607972769725,0.36237607972769725,0.36237607972769725,0.36237607972769725,0.36237607972769725,0.36237607972769725,0.36237607972769725,0.28422708801239904,0.3693220279554064,0.3693220279554064,0.3693220279554064,0.3693220279554064,0.3693220279554064,0.3693220279554064,0.234269891891986,0.3559846280576675,0.37993970285367434,0.37993970285367434,0.37993970285367434,0.37993970285367434,0.37993970285367434,0.2903455546161309,0.22265307481940536,0.37993970285367434
hakim,smiling,original,False,images/hakim/smiling.jpg,0.13589613139629364,0.5980055332183838,0.6508833765983582,0.30514416098594666,0.2958920896053314,0.11721127480268478,0.07660926878452301,0.0,0.36098867654800415,0.18877457082271576,0.21106719970703125,0.6480585336685181,0.55026775598526,0.2413366436958313,0.09210976213216782,0.0,0.3776208460330963,0.10467883199453354,0.16338104009628296,0.5035090446472168,0.6000679135322571,0.4457235634326935,0.0864817276597023,0.0,0.35355339053803103,0.35355339053803103,0.35355339053803103,0.35355339053803103,0.35355339053803103,0.35355339053803103,0.35355339053803103,0.35355339053803103,0.3694539879027256,0.3694539879027256,0.3694539879027256,0.3694539879027256,0.3694539879027256,0.3694539879027256,0.3694539879027256,0.21101245323005943,0.32122506296606496,0.29203151334112,0.3416194683297411,0.40584361584973977,0.40584361584973977,0.40584361584973977,0.40584361584973977,0.18971565691979836,0.16738530748319425,0.029936975399092954,0.48623104933581535,0.4988042215847636,0.4988042215847636,0.4368543483660135,0.18098936077191194,0.11599624580995968,0.3569066663216125,0.3569066663216125,0.3569066663216125,0.3569066663216125,0.3569066663216125,0.3569066663216125,0.3569066663216125,0.32912523517332426,0.2971407407256072,0.4101008142172395,0.4101008142172395,0.4101008142172395,0.4101008142172395,0.32725197675415424,0.21959841462078392,0.2892392582284541,0.23349566336183453,0.11615229599819782,0.2266400673031857,0.4334936169503399,0.4334936169503399,0.4334936169503399,0.4334936169503399,0.359104211896529,0.37755614612860794,0.28159182871050753,0.25576196114782174,0.37755614612860794,0.37755614612860794,0.37755614612860794,0.37755614612860794,0.37755614612860794,0.3691270011714012,0.3691270011714012,0.25598271175213766,0.3691270011714012,0.3691270011714012,0.3691270011714012,0.3691270011714012,0.34197133356560083,0.10589890500589579,0.15296260949080176,0.2977709142661241,0.5343116281076906,0.5343116281076906,0.5343116281076906,0.10538039656827192,0.09564814763262033,0.40080141394607577,0.40080141394607577,0.40080141394607577,0.40080141394607577,0.40080141394607577,0.40080141394607577,0.12939303082921227,0.13930830070094335,0.3851615560369472,0.3851615560369472,0.2689507896864527,0.3851615560369472,0.3851615560369472,0.24913674850052164,0.35192219546191705,0.3851615560369472,0.3544991696416501,0.3544991696416501,0.34686073682313756,0.3544991696416501,0.3544991696416501,0.3544991696416501,0.3544991696416501,0.3544991696416501,0.3620220858811735,0.35528793771833056,0.3620220858811735,0.3620220858811735,0.3620220858811735,0.3620220858811735,0.3620220858811735,0.2956527303944121,0.37623504050311607,0.37623504050311607,0.37623504050311607,0.37623504050311607,0.37623504050311607,0.2858926473751956,0.262580577363658,0.37623504050311607,0.35355339053803103,0.35355339053803103,0.35355339053803103,0.35355339053803103,0.35355339053803103,0.35355339053803103,0.35355339053803103,0.35355339053803103
hakim,smiling,rotated,False,images/hakim/smiling.jpg,0.1507493108510971,0.5867512822151184,0.6407386660575867,0.3015346825122833,0.3055655062198639,0.12915292382240295,0.14655260741710663,0.0,0.3791378438472748,0.19496159255504608,0.203412726521492,0.6205206513404846,0.5552982687950134,0.24143534898757935,0.1586652249097824,0.0,0.3925883173942566,0.1109715923666954,0.13697268068790436,0.4772549271583557,0.5965427160263062,0.4553007483482361,0.15447968244552612,0.0,0.35355339053803103,0.35355339053803103,0.35355339053803103,0.35355339053803103,0.35355339053803103,0.35355339053803103,0.35355339053803103,0.35355339053803103,0.28855992094650307,0.27033916337301644,0.40954450928864505,0.40954450928864505,0.40954450928864505,0.40954450928864505,0.3927232723716852,0.13605704441364067,0.201888534992889,0.15000391256006423,0.48063409981389854,0.48063409981389854,0.48063409981389854,0.48063409981389854,0.0772882346205951,0.0820354938495535,0.4771212743556675,0.23531660084170658,0.36609843390839897,0.4771212743556675,0.4771212743556675,0.2808438143179129,0.15410456794306635,0.15824802134348787,0.35756493818862706,0.35756493818862706,0.35756493818862706,0.35756493818862706,0.35756493818862706,0.35756493818862706,0.35756493818862706,0.3240851809748656,0.38732352036058876,0.21915691934484965,0.4426057186944942,0.4426057186944942,0.4426057186944942,0.30222062976504394,0.29117284659708936,0.195275017538765,0.32450154828335165,0.13822931112062942,0.402855043559661,0.40672571370128874,0.40672571370128874,0.40672571370128874,0.40672571370128874,0.2271475102890456,0.1817326816146719,0.046362953529142194,0.40100368006856346,0.40100368006856346,0.40100368006856346,0.40100368006856346,0.40100368006856346,0.40100368006856346,0.36724808458791214,0.18372138184966108,0.25810762588722413,0.39108969592517867,0.39108969592517867,0.39108969592517867,0.39108969592517867,0.39108969592517867,0.11806317908257342,0.13367090776824042,0.47086811616179214,0.47086811616179214,0.47086811616179214,0.47086811616179214,0.2623394969306441,0.11182142319875724,0.4011160482407891,0.4011160482407891,0.4011160482407891,0.4011160482407891,0.4011160482407891,0.1543916922521111,0.3214296441038638,0.2614876059606309,0.16220164600027087,0.44256724536370673,0.3680863961777115,0.4530697516798212,0.4530697516798212,0.25007316124965195,0.1949807048797885,0.3622689646857211,0.40426010834098036,0.17415521839696066,0.40426010834098036,0.40426010834098036,0.40426010834098036,0.23232239363070922,0.31617943113123703,0.4025194299165218,0.36022582754802374,0.36022582754802374,0.36022582754802374,0.36022582754802374,0.36022582754802374,0.36022582754802374,0.30275645632584586,0.36022582754802374,0.35355339053803103,0.35355339053803103,0.35355339053803103,0.35355339053803103,0.35355339053803103,0.35355339053803103,0.35355339053803103,0.35355339053803103,0.36159179555683674,0.36159179555683674,0.36159179555683674,0.36159179555683674,0.36159179555683674,0.34278273186449426,0.3130626753935054,0.36159179555683674
hakim,smiling,flipped,False,images/hakim/smiling.jpg,0.13589613139629364,0.5980055332183838,0.6508833765983582,0.30514416098594666,0.2958920896053314,0.11721127480268478,0.07660926878452301,0.0,0.36098867654800415,0.18877457082271576,0.21106719970703125,0.6480585336685181,0.55026775598526,0.2413366436958313,0.09210976213216782,0.0,0.3776208460330963,0.10467883199453354,0.16338104009628296,0.5035090446472168,0.6000679135322571,0.4457235634326935,0.0864817276597023,0.0,0.1382840550186883,0.17779874456376604,0.4343572046015461,0.5065639804129213,0.5065639804129213,0.475148870673712,0.03626735218481062,0.14248874372308984,0.28476785529575926,0.4068961401549414,0.4068961401549414,0.4068961401549414,0.4068961401549414,0.33829253202914333,0.29932594270154655,0.22937204599411187,0.35355339053803103,0.35355339053803103,0.35355339053803103,0.35355339053803103,0.35355339053803103,0.35355339053803103,0.35355339053803103,0.35355339053803103,0.35355339053803103,0.35355339053803103,0.35355339053803103,0.35355339053803103,0.35355339053803103,0.35355339053803103,0.35355339053803103,0.35355339053803103,0.3771123661575054,0.3771123661575054,0.3771123661575054,0.3771123661575054,0.3771123661575054,0.2388420975315451,0.29945288750940946,0.3771123661575054,0.3735872000094631,0.4325373287156184,0.4325373287156184,0.4325373287156184,0.4325373287156184,0.21018336179026853,0.13488685454781485,0.22295051354131062,0.29365960604452374,0.19911600798446216,0.34000657875893175,0.4115852558503644,0.4115852558503644,0.4115852558503644,0.4115852558503644,0.2844339743870398,0.35355339053803103,0.35355339053803103,0.35355339053803103,0.35355339053803103,0.35355339053803103,0.35355339053803103,0.35355339053803103,0.35355339053803103,0.38543364499316096,0.33387879103411344,0.2756350243132726,0.38543364499316096,0.38543364499316096,0.2641113636980671,0.38543364499316096,0.38543364499316096,0.19433283821384442,0.12250496885863413,0.39733010629324717,0.39733010629324717,0.39733010629324717,0.39733010629324717,0.39733010629324717,0.39733010629324717,0.11184836799840424,0.09234763136538265,0.5367841160951166,0.5367841160951166,0.5367841160951166,0.2608355149363678,0.19506308915915802,0.0920082624358988,0.3663388743404912,0.3668335603252444,0.3668335603252444,0.3668335603252444,0.3668335603252444,0.24164987673316973,0.3668335603252444,0.3668335603252444,0.36295907606397115,0.34212495734956766,0.36295907606397115,0.36295907606397115,0.36295907606397115,0.3479624203181708,0.36295907606397115,0.3212105427744717,0.37623253231387593,0.2615490397981937,0.2868563912463785,0.37623253231387593,0.37623253231387593,0.37623253231387593,0.37623253231387593,0.37623253231387593,0.35355339053803103,0.35355339053803103,0.35355339053803103,0.35355339053803103,0.35355339053803103,0.35355339053803103,0.35355339053803103,0.35355339053803103,0.35486691734004217,0.35431726236583655,0.35486691734004217,0.35486691734004217,0.35486691734004217,0.3447841399197568,0.35486691734004217,0.35486691734004217
hakim,smiling,grayscale,False,images/hakim/smiling.jpg,0.33341068029403687,0.15214967727661133,0.20190446078777313,0.61472487449646,0.6445400714874268,0.15888911485671997,0.07973727583885193,0.0,0.33341068029403687,0.15214967727661133,0.20190446078777313,0.61472487449646,0.6445400714874268,0.15888911485671997,0.07973727583885193,0.0,0.33341068029403687,0.15214967727661133,0.20190446078777313,0.61472487449646,0.6445400714874268,0.15888911485671997,0.07973727583885193,0.0,0.35355339053803103,0.35355339053803103,0.35355339053803103,0.35355339053803103,0.35355339053803103,0.35355339053803103,0.35355339053803103,0.35355339053803103,0.3694539879027256,0.3694539879027256,0.3694539879027256,0.3694539879027256,0.3694539879027256,0.3694539879027256,0.3694539879027256,0.21101245323005943,0.32122506296606496,0.29203151334112,0.3416194683297411,0.40584361584973977,0.40584361584973977,0.40584361584973977,0.40584361584973977,0.18971565691979836,0.16738530748319425,0.029936975399092954,0.48623104933581535,0.4988042215847636,0.4988042215847636,0.4368543483660135,0.18098936077191194,0.11599624580995968,0.3569066663216125,0.3569066663216125,0.3569066663216125,0.3569066663216125,0.3569066663216125,0.3569066663216125,0.3569066663216125,0.32912523517332426,0.2971407407256072,0.4101008142172395,0.4101008142172395,0.4101008142172395,0.4101008142172395,0.32725197675415424,0.21959841462078392,0.2892392582284541,0.23349566336183453,0.11615229599819782,0.2266400673031857,0.4334936169503399,0.4334936169503399,0.4334936169503399,0.4334936169503399,0.359104211896529,0.37755614612860794,0.28159182871050753,0.25576196114782174,0.37755614612860794,0.37755614612860794,0.37755614612860794,0.37755614612860794,0.37755614612860794,0.3691270011714012,0.3691270011714012,0.25598271175213766,0.3691270011714012,0.3691270011714012,0.3691270011714012,0.3691270011714012,0.34197133356560083,0.10589890500589579,0.15296260949080176,0.2977709142661241,0.5343116281076906,0.5343116281076906,0.5343116281076906,0.10538039656827192,0.09564814763262033,0.40080141394607577,0.40080141394607577,0.40080141394607577,0.40080141394607577,0.40080141394607577,0.40080141394607577,0.12939303082921227,0.13930830070094335,0.3851615560369472,0.3851615560369472,0.2689507896864527,0.3851615560369472,0.3851615560369472,0.24913674850052164,0.35192219546191705,0.3851615560369472,0.3544991696416501,0.3544991696416501,0.34686073682313756,0.3544991696416501,0.3544991696416501,0.3544991696416501,0.3544991696416501,0.3544991696416501,0.3620220858811735,0.35528793771833056,0.3620220858811735,0.3620220858811735,0.3620220858811735,0.3620220858811735,0.3620220858811735,0.2956527303944121,0.37623504050311607,0.37623504050311607,0.37623504050311607,0.37623504050311607,0.37623504050311607,0.2858926473751956,0.262580577363658,0.37623504050311607,0.35355339053803103,0.35355339053803103,0.35355339053803103,0.35355339053803103,0.35355339053803103,0.35355339053803103,0.35355339053803103,0.35355339053803103
hakim,surprised,original,True,images/hakim/surprised.jpg,0.23209349811077118,0.5399509072303772,0.7719243764877319,0.23977620899677277,0.031245334073901176,0.015451177954673767,0.0032754437997937202,0.0,0.40457388758659363,0.3141932785511017,0.32862263917922974,0.7469359636306763,0.2650112807750702,0.03629022091627121,0.012182160280644894,0.0,0.37925204634666443,0.14828066527843475,0.19413898885250092,0.23874258995056152,0.46394625306129456,0.7238776087760925,0.015744827687740326,0.0,0.3697962630228907,0.3697962630228907,0.3697962630228907,0.20677298333743163,0.3697962630228907,0.3697962630228907,0.3697962630228907,0.3697962630228907,0.38687848176728623,0.38687848176728623,0.38687848176728623,0.38687848176728623,0.38687848176728623,0.19103180272069878,0.3338431677339197,0.3219950171348499,0.2066235414083129,0.44315032697100076,0.4704499488693447,0.4704499488693447,0.4704499488693447,0.22624768031201187,0.19625147786522976,0.08516091065573511,0.393532908185958,0.18439175533311414,0.19180923133732777,0.393532908185958,0.393532908185958,0.393532908185958,0.393532908185958,0.393532908185958,0.362646281638262,0.362646281638262,0.362646281638262,0.3240922790108386,0.32540780697523813,0.362646281638262,0.362646281638262,0.362646281638262,0.35355339053803103,0.35355339053803103,0.35355339053803103,0.35355339053803103,0.35355339053803103,0.35355339053803103,0.35355339053803103,0.35355339053803103,0.3689899165709208,0.3689899165709208,0.3689899165709208,0.3689899165709208,0.3689899165709208,0.3689899165709208,0.3689899165709208,0.2166219978268838,0.4356006365791273,0.053698728540276325,0.32261120878374927,0.267078962459761,0.2504308757017192,0.4356006365791273,0.4356006365791273,0.4356006365791273,0.5267014349430513,0.5267014349430513,0.15705644429446167,0.13107557457673422,0.24658652259787087,0.14461986673962812,0.21021285085721467,0.5267014349430513,0.328959008075999,0.3455716575898024,0.394866065521749,0.394866065521749,0.394866065521749,0.394866065521749,0.1851984739885489,0.33821721794772824,0.37254977713126364,0.16866133098353364,0.37254977713126364,0.37254977713126364,0.37254977713126364,0.37254977713126364,0.37254977713126364,0.37254977713126364,0.4275240002065178,0.4275240002065178,0.4275240002065178,0.3191791854554805,0.4275240002065178,0.2224494566123976,0.10959921920413629,0.32484121429922674,0.4477370770433436,0.4477370770433436,0.09762261739063824,0.13390216927393925,0.2672479585067737,0.3150311114367225,0.4477370770433436,0.4477370770433436,0.36651348100628495,0.2410583418798715,0.2887541995209368,0.4050906407846931,0.4050906407846931,0.4050906407846931,0.4050906407846931,0.2603575366570868,0.357107884677706,0.3384224663609627,0.357107884677706,0.357107884677706,0.3468630654154944,0.357107884677706,0.357107884677706,0.357107884677706,0.485925819004886,0.485925819004886,0.485925819004886,0.11933873082688827,0.4748289930718613,0.1330784342726898,0.02109429766874955,0.18376384378697525
hakim,surprised,rotated,True,images/hakim/surprised.jpg,0.17160913348197937,0.5540949106216431,0.7816279530525208,0.22799618542194366,0.022941866889595985,0.008683836087584496,0.001720226602628827,0.0,0.3854905068874359,0.30016660690307617,0.3627583086490631,0.7489323019981384,0.2612445652484894,0.022419732064008713,0.007245401386171579,0.0,0.3679352104663849,0.13931192457675934,0.21833918988704681,0.23604729771614075,0.48596900701522827,0.7110222578048706,0.010344944894313812,0.0,0.40007457851988787,0.40007457851988787,0.40007457851988787,0.36919651903958145,0.27848701000289133,0.2457887103650966,0.29238356919320047,0.40007457851988787,0.4256196059334173,0.45380152815584873,0.45380152815584873,0.45380152815584873,0.14170639373988506,0.27089323886678135,0.08601052624353284,0.316510363409011,0.24445782824406662,0.23334229770179155,0.5172843409505984,0.5172843409505984,0.5172843409505984,0.24278740035218008,0.13675446729563678,0.07345044160055916,0.2661929451945526,0.04754258388602908,0.119000506924883,0.20140879999758673,0.295412723992713,0.5114964043960871,0.5114964043960871,0.5114964043960871,0.36469939240152544,0.36469939240152544,0.36469939240152544,0.26260325957838565,0.36469939240152544,0.36469939240152544,0.36469939240152544,0.36469939240152544,0.35355339053803103,0.35355339053803103,0.35355339053803103,0.35355339053803103,0.35355339053803103,0.35355339053803103,0.35355339053803103,0.35355339053803103,0.35355339053803103,0.35355339053803103,0.35355339053803103,0.35355339053803103,0.35355339053803103,0.35355339053803103,0.35355339053803103,0.35355339053803103,0.42562161612437016,0.20404917540207676,0.42562161612437016,0.16677426555729524,0.3092781450446458,0.33208773910087824,0.42562161612437016,0.42562161612437016,0.4416519432381081,0.3104664304637988,0.33483916906453165,0.15099689026363816,0.24380604464137845,0.35225354612359244,0.4416519432381081,0.4416519432381081,0.3924708969847639,0.3814559395662946,0.3924708969847639,0.3924708969847639,0.3924708969847639,0.3085635104407579,0.35016273709789003,0.1432911840868152,0.3190238416645829,0.20195674277373088,0.3780293776371819,0.3780293776371819,0.3780293776371819,0.3780293776371819,0.3780293776371819,0.3780293776371819,0.42705243418183086,0.42705243418183086,0.42705243418183086,0.3612519216600405,0.42705243418183086,0.07045158969426928,0.09286180301007457,0.35554912674587436,0.44857251612073706,0.2102263305880306,0.2201279637528717,0.25659488345476644,0.44134574037290286,0.20753232418427078,0.44857251612073706,0.44857251612073706,0.3774505333070025,0.31180594696624686,0.2663206154048633,0.3774505333070025,0.3774505333070025,0.3774505333070025,0.3774505333070025,0.3456961894814312,0.387162243162395,0.387162243162395,0.387162243162395,0.387162243162395,0.387162243162395,0.387162243162395,0.24818625294526775,0.19757522185493387,0.4973411283668075,0.44400112120014534,0.24257717770758677,0.018972408239630634,0.03881766993899152,0.010390329188888318,0.4973411283668075,0.4973411283668075
hakim,surprised,flipped,True,images/hakim/surprised.jpg,0.23209349811077118,0.5399509072303772,0.7719243764877319,0.23977620899677277,0.031245334073901176,0.015451177954673767,0.0032754437997937202,0.0,0.40457388758659363,0.3141932785511017,0.32862263917922974,0.7469359636306763,0.2650112807750702,0.03629022091627121,0.012182160280644894,0.0,0.37925204634666443,0.14828066527843475,0.19413898885250092,0.23874258995056152,0.46394625306129456,0.7238776087760925,0.015744827687740326,0.0,0.3936591653453623,0.3936591653453623,0.3936591653453623,0.3936591653453623,0.3936591653453623,0.17311418181305607,0.20056482469599002,0.3936591653453623,0.17811004162371696,0.17633707070076318,0.23438434151924822,0.47773448608691527,0.47773448608691527,0.47773448608691527,0.43175979030751427,0.10554049617520717,0.37822767555317766,0.3299547646690551,0.18880679619386043,0.37822767555317766,0.37822767555317766,0.37822767555317766,0.37822767555317766,0.374434204972995,0.3749220752528608,0.3749220752528608,0.3749220752528608,0.1418280492622451,0.3749220752528608,0.36943934416840146,0.3749220752528608,0.3749220752528608,0.4381625963932341,0.4381625963932341,0.4381625963932341,0.19734411844269867,0.3072030753409074,0.30880901705163843,0.058075092876006824,0.4381625963932341,0.2561076413692974,0.3653587035266141,0.3653587035266141,0.3653587035266141,0.3653587035266141,0.3653587035266141,0.3653587035266141,0.3653587035266141,0.35355339053803103,0.35355339053803103,0.35355339053803103,0.35355339053803103,0.35355339053803103,0.35355339053803103,0.35355339053803103,0.35355339053803103,0.36645507301003555,0.36645507301003555,0.36645507301003555,0.2448974395961361,0.36645507301003555,0.36645507301003555,0.36645507301003555,0.36645507301003555,0.3685045058757449,0.10155093248967201,0.23229683644440574,0.18786437304203585,0.43721762141446696,0.43721762141446696,0.43721762141446696,0.43721762141446696,0.3739458448031414,0.34597625053165726,0.3739458448031414,0.3739458448031414,0.3739458448031414,0.3739458448031414,0.3238324543877153,0.27614398594939527,0.39026848424463084,0.16920291416115027,0.39026848424463084,0.39026848424463084,0.39026848424463084,0.39026848424463084,0.36931296081715675,0.27098129355742895,0.5279577116044036,0.18753598964400053,0.1617555565077797,0.11619560807144132,0.2555687883698326,0.15372225336190914,0.5279577116044036,0.5279577116044036,0.4573759531411721,0.00768462868558405,0.14681197473386234,0.31600128977405895,0.27941458253736123,0.41578790076785893,0.4573759531411721,0.4573759531411721,0.39478334354874284,0.39478334354874284,0.39478334354874284,0.20817853032052655,0.39478334354874284,0.39478334354874284,0.39478334354874284,0.1467595620830285,0.4104759738871999,0.4104759738871999,0.4104759738871999,0.4104759738871999,0.4104759738871999,0.24514498654775163,0.2853306431588308,0.12664017344673087,0.4368733330882262,0.4368733330882262,0.33814423101077434,0.059275462973942386,0.33758714832218045,0.06889541842128595,0.4368733330882262,0.4368733330882262
hakim,surprised,grayscale,True,images/hakim/surprised.jpg,0.3948507010936737,0.22468534111976624,0.366813600063324,0.578942596912384,0.5673473477363586,0.04343603178858757,0.01063405629247427,0.0,0.3948507010936737,0.22468534111976624,0.366813600063324,0.578942596912384,0.5673473477363586,0.04343603178858757,0.01063405629247427,0.0,0.3948507010936737,0.22468534111976624,0.366813600063324,0.578942596912384,0.5673473477363586,0.04343603178858757,0.01063405629247427,0.0,0.3697962630228907,0.3697962630228907,0.3697962630228907,0.20677298333743163,0.3697962630228907,0.3697962630228907,0.3697962630228907,0.3697962630228907,0.38687848176728623,0.38687848176728623,0.38687848176728623,0.38687848176728623,0.38687848176728623,0.19103180272069878,0.3338431677339197,0.3219950171348499,0.2066235414083129,0.44315032697100076,0.4704499488693447,0.4704499488693447,0.4704499488693447,0.22624768031201187,0.19625147786522976,0.08516091065573511,0.393532908185958,0.18439175533311414,0.19180923133732777,0.393532908185958,0.393532908185958,0.393532908185958,0.393532908185958,0.393532908185958,0.362646281638262,0.362646281638262,0.362646281638262,0.3240922790108386,0.32540780697523813,0.362646281638262,0.362646281638262,0.362646281638262,0.35355339053803103,0.35355339053803103,0.35355339053803103,0.35355339053803103,0.35355339053803103,0.35355339053803103,0.35355339053803103,0.35355339053803103,0.3689899165709208,0.3689899165709208,0.3689899165709208,0.3689899165709208,0.3689899165709208,0.3689899165709208,0.3689899165709208,0.2166219978268838,0.4356006365791273,0.053698728540276325,0.32261120878374927,0.267078962459761,0.2504308757017192,0.4356006365791273,0.4356006365791273,0.4356006365791273,0.5267014349430513,0.5267014349430513,0.15705644429446167,0.13107557457673422,0.24658652259787087,0.14461986673962812,0.21021285085721467,0.5267014349430513,0.328959008075999,0.3455716575898024,0.394866065521749,0.394866065521749,0.394866065521749,0.394866065521749,0.1851984739885489,0.33821721794772824,0.37254977713126364,0.16866133098353364,0.37254977713126364,0.37254977713126364,0.37254977713126364,0.37254977713126364,0.37254977713126364,0.37254977713126364,0.4275240002065178,0.4275240002065178,0.4275240002065178,0.3191791854554805,0.4275240002065178,0.2224494566123976,0.10959921920413629,0.32484121429922674,0.4477370770433436,0.4477370770433436,0.09762261739063824,0.13390216927393925,0.2672479585067737,0.3150311114367225,0.4477370770433436,0.4477370770433436,0.36651348100628495,0.2410583418798715,0.2887541995209368,0.4050906407846931,0.4050906407846931,0.4050906407846931,0.4050906407846931,0.2603575366570868,0.357107884677706,0.3384224663609627,0.357107884677706,0.357107884677706,0.3468630654154944,0.357107884677706,0.357107884677706,0.357107884677706,0.485925819004886,0.485925819004886,0.485925819004886,0.11933873082688827,0.4748289930718613,0.1330784342726898,0.02109429766874955,0.18376384378697525
joella,neutral,original,True,images/joella/neutral.jpg,0.7549403309822083,0.3344961404800415,0.36767297983169556,0.42250385880470276,0.06696602702140808,0.0,0.0,0.0,0.18098093569278717,0.6840208172798157,0.37371838092803955,0.3757238984107971,0.3291819989681244,0.2520040273666382,0.21590466797351837,0.006777276284992695,0.0359669104218483,0.06850159168243408,0.343437522649765,0.5625997185707092,0.3427939713001251,0.3422219455242157,0.42445245385169983,0.38047701120376587,0.42913740254369503,0.42913740254369503,0.3916271220230269,0.1560256351113864,0.42913740254369503,0.19420057840393085,0.21893992857273328,0.42913740254369503,0.38278121048491603,0.38278121048491603,0.38278121048491603,0.38278121048491603,0.38278121048491603,0.1487157966557862,0.3142528931560465,0.38278121048491603,0.4376026111044077,0.04462881899292307,0.4376026111044077,0.4376026111044077,0.11454993333381859,0.1655486471789994,0.4376026111044077,0.4376026111044077,0.47361168184749797,0.04354307498581581,0.19111151583514172,0.1533879054147282,0.2020406848088366,0.47361168184749797,0.47361168184749797,0.47361168184749797,0.35525641004684205,0.35525641004684205,0.35525641004684205,0.341394466166182,0.35525641004684205,0.35525641004684205,0.35525641004684205,0.35525641004684205,0.35355339053803103,0.35355339053803103,0.35355339053803103,0.35355339053803103,0.35355339053803103,0.35355339053803103,0.35355339053803103,0.35355339053803103,0.37149194588777157,0.37149194588777157,0.37149194588777157,0.37149194588777157,0.37149194588777157,0.28246353453351064,0.37149194588777157,0.30360625184096984,0.32272621951279334,0.3286424559112171,0.31315213989178603,0.3714236557754313,0.3714236557754313,0.3714236557754313,0.3714236557754313,0.3714236557754313,0.3600576547492824,0.3460194447419514,0.3600576547492824,0.3200335217989626,0.3600576547492824,0.3600576547492824,0.3600576547492824,0.3600576547492824,0.3770887454824623,0.3770887454824623,0.3447669937781791,0.26332619916291494,0.3770887454824623,0.3770887454824623,0.31751444476179974,0.3770887454824623,0.35582033926860357,0.35582033926860357,0.35582033926860357,0.35582033926860357,0.35582033926860357,0.33725836212451554,0.35582033926860357,0.35582033926860357,0.4613280525810326,0.4613280525810326,0.4613280525810326,0.16669368048587616,0.4613280525810326,0.110145114733867,0.1481072168156803,0.29470533417052014,0.3592002323085842,0.3592002323085842,0.3592002323085842,0.3592002323085842,0.3592002323085842,0.3111693292142586,0.3592002323085842,0.3592002323085842,0.35355339053803103,0.35355339053803103,0.35355339053803103,0.35355339053803103,0.35355339053803103,0.35355339053803103,0.35355339053803103,0.35355339053803103,0.3782067085370915,0.3782067085370915,0.3782067085370915,0.3782067085370915,0.3782067085370915,0.3541467394381522,0.3782067085370915,0.12782096969183784,0.4700924671797949,0.4700924671797949,0.25275411666167946,0.1654621385892908,0.3996548950124193,0.24407008104413938,0.16273479648103747,0.4700924671797949
joella,neutral,rotated,True,images/joella/neutral.jpg,0.7803440690040588,0.32344967126846313,0.3524925708770752,0.3996804654598236,0.049476463347673416,0.0,0.0,0.0,0.16353978216648102,0.721743106842041,0.37412068247795105,0.36274516582489014,0.3186483085155487,0.21927982568740845,0.17652125656604767,0.0033457402605563402,0.05293180048465729,0.05449909344315529,0.3705938458442688,0.5860255360603333,0.33262258768081665,0.3496491014957428,0.4120559096336365,0.3328363001346588,0.531779249281156,0.26564445729325675,0.13754012834185736,0.062175133077830125,0.18960129290474798,0.14944506467466942,0.531779249281156,0.531779249281156,0.4693538748131859,0.34292721403360954,0.274958110544111,0.03581840793241843,0.148869960237481,0.3499636551930059,0.4693538748131859,0.4693538748131859,0.22071938501627328,0.4073111328633561,0.4073111328633561,0.3468722209010528,0.31864882420755386,0.4073111328633561,0.4073111328633561,0.2565464987948089,0.27006098145221485,0.23582350258679294,0.3767724589723321,0.40948000395232187,0.40948000395232187,0.40948000395232187,0.40948000395232187,0.24248991962212937,0.35355339053803103,0.35355339053803103,0.35355339053803103,0.35355339053803103,0.35355339053803103,0.35355339053803103,0.35355339053803103,0.35355339053803103,0.35355339053803103,0.35355339053803103,0.35355339053803103,0.35355339053803103,0.35355339053803103,0.35355339053803103,0.35355339053803103,0.35355339053803103,0.36684324712250876,0.36684324712250876,0.36684324712250876,0.36684324712250876,0.36684324712250876,0.3200403057462772,0.34599973321164956,0.3240193623565289,0.37027122430846066,0.31296089430802043,0.37027122430846066,0.37027122430846066,0.37027122430846066,0.2818701846344411,0.37027122430846066,0.37027122430846066,0.28525757669289353,0.3277055136213461,0.3095011841077842,0.21556835275930045,0.40895492208429235,0.40895492208429235,0.40895492208429235,0.40895492208429235,0.35686821900925847,0.35686821900925847,0.35686821900925847,0.35686821900925847,0.35686821900925847,0.35686821900925847,0.32941693871100824,0.35686821900925847,0.35355339053803103,0.35355339053803103,0.35355339053803103,0.35355339053803103,0.35355339053803103,0.35355339053803103,0.35355339053803103,0.35355339053803103,0.4437020173840287,0.4437020173840287,0.4437020173840287,0.09863824575024015,0.430649797077209,0.042846993552925365,0.12445666909146764,0.4437020173840287,0.35414072410382264,0.35414072410382264,0.35414072410382264,0.35414072410382264,0.35414072410382264,0.34941441356217967,0.35414072410382264,0.35414072410382264,0.3606458107879431,0.33804174832780853,0.3606458107879431,0.3606458107879431,0.3606458107879431,0.3606458107879431,0.3606458107879431,0.32455411109545035,0.3846979130278818,0.3846979130278818,0.3846979130278818,0.3846979130278818,0.3846979130278818,0.3241643921781466,0.24875726563975242,0.3050817068019428,0.41132338340122016,0.3715879110387353,0.41132338340122016,0.060642459205964054,0.38940562764033354,0.1728018238326317,0.41132338340122016,0.41132338340122016
joella,neutral,flipped,True,images/joella/neutral.jpg,0.7549403309822083,0.3344961404800415,0.36767297983169556,0.42250385880470276,0.06696602702140808,0.0,0.0,0.0,0.18098093569278717,0.6840208172798157,0.37371838092803955,0.3757238984107971,0.3291819989681244,0.2520040273666382,0.21590466797351837,0.006777276284992695,0.0359669104218483,0.06850159168243408,0.343437522649765,0.5625997185707092,0.3427939713001251,0.3422219455242157,0.42445245385169983,0.38047701120376587,0.5313303332586714,0.5313303332586714,0.5313303332586714,0.11091196014423611,0.2562003031925923,0.1321005197181513,0.11026762376452488,0.21334168779780144,0.47533748983306845,0.47533748983306845,0.23467578986903906,0.08932217627258379,0.47533748983306845,0.47533748983306845,0.053001259420637846,0.174231947262906,0.3898383020358189,0.23147188931481028,0.2550634001410239,0.3898383020358189,0.3898383020358189,0.34855977581290926,0.3898383020358189,0.3898383020358189,0.42103553196659266,0.16963748670750067,0.25592983929552304,0.338480138162701,0.3699354736925211,0.34998460517089425,0.42103553196659266,0.42103553196659266,0.3788333517809597,0.3788333517809597,0.3788333517809597,0.3788333517809597,0.3788333517809597,0.2754811329504979,0.35565312608571426,0.2829265926472803,0.34158941205486276,0.35107480245280814,0.2995763913455103,0.36614673071542725,0.36614673071542725,0.36614673071542725,0.36614673071542725,0.36614673071542725,0.35355339053803103,0.35355339053803103,0.35355339053803103,0.35355339053803103,0.35355339053803103,0.35355339053803103,0.35355339053803103,0.35355339053803103,0.35355339053803103,0.35355339053803103,0.35355339053803103,0.35355339053803103,0.35355339053803103,0.35355339053803103,0.35355339053803103,0.35355339053803103,0.4483195992933078,0.13452209173008084,0.13100337617754845,0.07852302388351083,0.4483195992933078,0.39321012708514075,0.4483195992933078,0.4483195992933078,0.35561587299395586,0.3387646023525333,0.35561587299395586,0.35561587299395586,0.35561587299395586,0.35561587299395586,0.35561587299395586,0.35561587299395586,0.3835089590548511,0.2930361471992095,0.3835089590548511,0.3754902647870535,0.31871550232384765,0.288514850560954,0.3835089590548511,0.3835089590548511,0.35989562712051715,0.35989562712051715,0.35989562712051715,0.3054929831156442,0.35989562712051715,0.35989562712051715,0.35989562712051715,0.35989562712051715,0.470926638066677,0.1276112302772773,0.2899291775582267,0.19743930847762267,0.38259104005203814,0.2213200523462095,0.470926638066677,0.470926638066677,0.3673169554744589,0.3586152147261718,0.3728112991347919,0.3728112991347919,0.3728112991347919,0.3728112991347919,0.3728112991347919,0.2037941555284365,0.37306849357056415,0.37306849357056415,0.37306849357056415,0.37306849357056415,0.37306849357056415,0.37306849357056415,0.37306849357056415,0.16043470131794849,0.36082097238165217,0.36082097238165217,0.3140911964275429,0.34669305637492825,0.36082097238165217,0.36082097238165217,0.36082097238165217,0.36082097238165217
joella,neutral,grayscale,True,images/joella/neutral.jpg,0.10177811235189438,0.5640321969985962,0.4507012665271759,0.3823058009147644,0.3830145597457886,0.32284072041511536,0.26691946387290955,0.006874983664602041,0.10177811235189438,0.5640321969985962,0.4507012665271759,0.3823058009147644,0.3830145597457886,0.32284072041511536,0.26691946387290955,0.006874983664602041,0.10177811235189438,0.5640321969985962,0.4507012665271759,0.3823058009147644,0.3830145597457886,0.32284072041511536,0.26691946387290955,0.006874983664602041,0.42913740254369503,0.42913740254369503,0.3916271220230269,0.1560256351113864,0.42913740254369503,0.19420057840393085,0.21893992857273328,0.42913740254369503,0.38278121048491603,0.38278121048491603,0.38278121048491603,0.38278121048491603,0.38278121048491603,0.1487157966557862,0.3142528931560465,0.38278121048491603,0.4376026111044077,0.04462881899292307,0.4376026111044077,0.4376026111044077,0.11454993333381859,0.1655486471789994,0.4376026111044077,0.4376026111044077,0.47361168184749797,0.04354307498581581,0.19111151583514172,0.1533879054147282,0.2020406848088366,0.47361168184749797,0.47361168184749797,0.47361168184749797,0.35525641004684205,0.35525641004684205,0.35525641004684205,0.341394466166182,0.35525641004684205,0.35525641004684205,0.35525641004684205,0.35525641004684205,0.35355339053803103,0.35355339053803103,0.35355339053803103,0.35355339053803103,0.35355339053803103,0.35355339053803103,0.35355339053803103,0.35355339053803103,0.37149194588777157,0.37149194588777157,0.37149194588777157,0.37149194588777157,0.37149194588777157,0.28246353453351064,0.37149194588777157,0.30360625184096984,0.32272621951279334,0.3286424559112171,0.31315213989178603,0.3714236557754313,0.3714236557754313,0.3714236557754313,0.3714236557754313,0.3714236557754313,0.3600576547492824,0.3460194447419514,0.3600576547492824,0.3200335217989626,0.3600576547492824,0.3600576547492824,0.3600576547492824,0.3600576547492824,0.3770887454824623,0.3770887454824623,0.3447669937781791,0.26332619916291494,0.3770887454824623,0.3770887454824623,0.31751444476179974,0.3770887454824623,0.35582033926860357,0.35582033926860357,0.35582033926860357,0.35582033926860357,0.35582033926860357,0.33725836212451554,0.35582033926860357,0.35582033926860357,0.4613280525810326,0.4613280525810326,0.4613280525810326,0.16669368048587616,0.4613280525810326,0.110145114733867,0.1481072168156803,0.29470533417052014,0.3592002323085842,0.3592002323085842,0.3592002323085842,0.3592002323085842,0.3592002323085842,0.3111693292142586,0.3592002323085842,0.3592002323085842,0.35355339053803103,0.35355339053803103,0.35355339053803103,0.35355339053803103,0.35355339053803103,0.35355339053803103,0.35355339053803103,0.35355339053803103,0.3782067085370915,0.3782067085370915,0.3782067085370915,0.3782067085370915,0.3782067085370915,0.3541467394381522,0.3782067085370915,0.12782096969183784,0.4700924671797949,0.4700924671797949,0.25275411666167946,0.1654621385892908,0.3996548950124193,0.24407008104413938,0.16273479648103747,0.4700924671797949
joella,smiling,original,True,images/joella/smiling.jpg,0.7554419040679932,0.3403070867061615,0.36061444878578186,0.3142763674259186,0.29036542773246765,0.01763644628226757,0.0037731819320470095,0.0069952248595654964,0.14273671805858612,0.6040905714035034,0.4219566285610199,0.4035608470439911,0.3535326421260834,0.1292395293712616,0.24221988022327423,0.2709861099720001,0.03846494480967522,0.06567424535751343,0.20573362708091736,0.5414454936981201,0.3006235957145691,0.3681574761867523,0.31320056319236755,0.5785401463508606,0.47166683450658076,0.47166683450658076,0.3938900054804673,0.14238385036832082,0.34530483166715353,0.09744032106412134,0.16863763197631784,0.47166683450658076,0.39106858395072625,0.39106858395072625,0.39106858395072625,0.39106858395072625,0.39106858395072625,0.12929313743684911,0.39106858395072625,0.2562722382741488,0.47101628195160905,0.11948367526119477,0.43356781397269145,0.18072009950402845,0.04278129561892822,0.3125437477670043,0.47101628195160905,0.47101628195160905,0.4917896864925111,0.03701603488106765,0.08789352641841726,0.02820998463571252,0.4917896864925111,0.1505999813280837,0.4917896864925111,0.4917896864925111,0.3652163803762556,0.3652163803762556,0.3652163803762556,0.2593766318472231,0.3652163803762556,0.363903470095202,0.3652163803762556,0.3652163803762556,0.35355339053803103,0.35355339053803103,0.35355339053803103,0.35355339053803103,0.35355339053803103,0.35355339053803103,0.35355339053803103,0.35355339053803103,0.3801803857252318,0.3801803857252318,0.3801803857252318,0.3801803857252318,0.3801803857252318,0.3575527882763919,0.24239947021908562,0.3011857759274352,0.36719755075306104,0.2369846212512257,0.36719755075306104,0.36719755075306104,0.36719755075306104,0.36719755075306104,0.36719755075306104,0.36719755075306104,0.3613167913132313,0.3613167913132313,0.3613167913132313,0.3613167913132313,0.3613167913132313,0.293515304335909,0.3613167913132313,0.3613167913132313,0.37440719552954976,0.37440719552954976,0.37440719552954976,0.37440719552954976,0.3605519491352653,0.3178823404057638,0.2608627396945582,0.37440719552954976,0.3584023287172995,0.31754431984998094,0.3584023287172995,0.3584023287172995,0.3584023287172995,0.3584023287172995,0.3584023287172995,0.3584023287172995,0.42695769423370883,0.42695769423370883,0.42695769423370883,0.2539784382131579,0.42695769423370883,0.03875308636898945,0.1500959274501624,0.42695769423370883,0.3641929084270734,0.3641929084270734,0.3641929084270734,0.3641929084270734,0.3641929084270734,0.2674783688981484,0.3641929084270734,0.3641929084270734,0.37728281972109223,0.19732080223033108,0.32712466172872606,0.37728281972109223,0.37728281972109223,0.37728281972109223,0.37728281972109223,0.37728281972109223,0.4082579816935241,0.4082579816935241,0.4082579816935241,0.4082579816935241,0.4082579816935241,0.36288005806670975,0.13719748464196815,0.12697249767718347,0.4085448481749696,0.4085448481749696,0.31112237805155757,0.31220310594992745,0.2709700543004357,0.25430639764794066,0.4085448481749696,0.4085448481749696
joella,smiling,rotated,True,images/joella/smiling.jpg,0.7843458652496338,0.34497976303100586,0.3426211476325989,0.2903589904308319,0.25266239047050476,0.014027604833245277,0.0036827633157372475,0.006662077736109495,0.1375436633825302,0.6375184059143066,0.426496684551239,0.411568284034729,0.3391023278236389,0.10034918785095215,0.19978748261928558,0.24163760244846344,0.04429717734456062,0.0646061822772026,0.20294289290905,0.5992137789726257,0.3120424747467041,0.3652677536010742,0.3172423541545868,0.5120420455932617,0.5620870321422231,0.167060874132392,0.04093268158771361,0.03108090710519001,0.14616228979391205,0.016132150218317164,0.5620870321422231,0.5620870321422231,0.4481265338525245,0.42154079203256184,0.09685163917270832,0.0326984780180973,0.09265186616936137,0.4481265338525245,0.4481265338525245,0.4481265338525245,0.26036729825964744,0.2958719625322525,0.3995371201514827,0.21568286786508703,0.3995371201514827,0.3995371201514827,0.3995371201514827,0.3995371201514827,0.288649392189618,0.20879339221747975,0.38690889847946575,0.38690889847946575,0.38690889847946575,0.38690889847946575,0.38690889847946575,0.35297927526650574,0.35647420800176655,0.35647420800176655,0.35647420800176655,0.35647420800176655,0.3323897905906679,0.35647420800176655,0.35647420800176655,0.35647420800176655,0.35355339053803103,0.35355339053803103,0.35355339053803103,0.35355339053803103,0.35355339053803103,0.35355339053803103,0.35355339053803103,0.35355339053803103,0.3402219609758916,0.40790025695179344,0.40790025695179344,0.40790025695179344,0.40790025695179344,0.3983036665853416,0.22128583775732708,0.10538171359926127,0.36890514497847904,0.36890514497847904,0.36890514497847904,0.36890514497847904,0.36890514497847904,0.21763032352736056,0.36890514497847904,0.36890514497847904,0.35877068183677785,0.35877068183677785,0.3578721886745955,0.3156407505023782,0.35877068183677785,0.35877068183677785,0.35877068183677785,0.35877068183677785,0.37210381920822655,0.37210381920822655,0.37210381920822655,0.37210381920822655,0.37210381920822655,0.33324000172959334,0.24121274279153684,0.37210381920822655,0.3618597782623999,0.3618597782623999,0.3618597782623999,0.3618597782623999,0.3618597782623999,0.28879491997583884,0.3618597782623999,0.3618597782623999,0.4792236509413656,0.4792236509413656,0.4792236509413656,0.14571288971654953,0.20196501902949027,0.09997216404681178,0.09675856661940645,0.4792236509413656,0.35842863548831516,0.3173364027537874,0.35842863548831516,0.35842863548831516,0.35842863548831516,0.35842863548831516,0.35842863548831516,0.35842863548831516,0.3644401160123965,0.29499983790780054,0.3644401160123965,0.3644401160123965,0.34069855642129665,0.3644401160123965,0.3644401160123965,0.3644401160123965,0.35430688185545933,0.4248517865674735,0.4248517865674735,0.4248517865674735,0.4248517865674735,0.21351685404221912,0.1341816335549326,0.2981213059758747,0.4416000529113111,0.15731712615161805,0.13050471550309076,0.03825547894827075,0.4416000529113111,0.4203735624045281,0.4416000529113111,0.4416000529113111
joella,smiling,flipped,True,images/joella/smiling.jpg,0.7554419040679932,0.3403070867061615,0.36061444878578186,0.3142763674259186,0.29036542773246765,0.01763644628226757,0.0037731819320470095,0.0069952248595654964,0.14273671805858612,0.6040905714035034,0.4219566285610199,0.4035608470439911,0.3535326421260834,0.1292395293712616,0.24221988022327423,0.2709861099720001,0.03846494480967522,0.06567424535751343,0.20573362708091736,0.5414454936981201,0.3006235957145691,0.3681574761867523,0.31320056319236755,0.5785401463508606,0.5511141733227237,0.5511141733227237,0.23765979565272732,0.10364593552968707,0.5511141733227237,0.04232326545848029,0.075227733965152,0.11893012213478348,0.5237545674072915,0.5237545674072915,0.3902541066628366,0.015147538654463458,0.20579389874678425,0.417311433206574,0.1294054256258687,0.25610323042079847,0.37309293723892906,0.37309293723892906,0.1600363112827959,0.37309293723892906,0.37309293723892906,0.37309293723892906,0.37309293723892906,0.37309293723892906,0.470498574406167,0.16136658552489283,0.11612126670397169,0.18577996032572758,0.3228216872523268,0.3970414524554151,0.470498574406167,0.470498574406167,0.3653979140433262,0.3653979140433262,0.3653979140433262,0.3653979140433262,0.3653979140433262,0.3653979140433262,0.2557157612579106,0.3653979140433262,0.3124446654114476,0.21985241204601932,0.37169707924140427,0.378387243151495,0.378387243151495,0.378387243151495,0.378387243151495,0.378387243151495,0.35355339053803103,0.35355339053803103,0.35355339053803103,0.35355339053803103,0.35355339053803103,0.35355339053803103,0.35355339053803103,0.35355339053803103,0.3711454172405491,0.3711454172405491,0.3711454172405491,0.1890966802590632,0.3711454172405491,0.3711454172405491,0.3711454172405491,0.3711454172405491,0.43630289543016487,0.14376523556223775,0.0515487026071434,0.1577124123955595,0.43630289543016487,0.43630289543016487,0.43630289543016487,0.43630289543016487,0.3650464533157995,0.3650464533157995,0.3650464533157995,0.3650464533157995,0.3650464533157995,0.3650464533157995,0.34767858809088037,0.2820746719918678,0.37817723926223995,0.25566693201035895,0.3313268114422247,0.3313107937546652,0.37817723926223995,0.37817723926223995,0.37817723926223995,0.37817723926223995,0.362842390361127,0.362842390361127,0.3144379186853643,0.333468429548917,0.362842390361127,0.362842390361127,0.362842390361127,0.362842390361127,0.4057044108045263,0.39035221797005426,0.32282192586625585,0.06921921189349631,0.4057044108045263,0.28325884737148527,0.4057044108045263,0.4057044108045263,0.25920541980133116,0.08951467583341154,0.39233072804722113,0.3926515688496746,0.3926515688496746,0.3926515688496746,0.3926515688496746,0.3926515688496746,0.38987877911242436,0.38987877911242436,0.38987877911242436,0.38987877911242436,0.38987877911242436,0.3105261607380337,0.22741456430127582,0.30303268313825676,0.362954455847048,0.362954455847048,0.28425791715241405,0.3588618314776189,0.362954455847048,0.362954455847048,0.362954455847048,0.362954455847048
joella,smiling,grayscale,True,images/joella/smiling.jpg,0.10503225028514862,0.4000312387943268,0.5601720213890076,0.38880640268325806,0.3945257365703583,0.23256759345531464,0.30152007937431335,0.25164979696273804,0.10503225028514862,0.4000312387943268,0.5601720213890076,0.38880640268325806,0.3945257365703583,0.23256759345531464,0.30152007937431335,0.25164979696273804,0.10503225028514862,0.4000312387943268,0.5601720213890076,0.38880640268325806,0.3945257365703583,0.23256759345531464,0.30152007937431335,0.25164979696273804,0.47166683450658076,0.47166683450658076,0.3938900054804673,0.14238385036832082,0.34530483166715353,0.09744032106412134,0.16863763197631784,0.47166683450658076,0.39106858395072625,0.39106858395072625,0.39106858395072625,0.39106858395072625,0.39106858395072625,0.12929313743684911,0.39106858395072625,0.2562722382741488,0.47101628195160905,0.11948367526119477,0.43356781397269145,0.18072009950402845,0.04278129561892822,0.3125437477670043,0.47101628195160905,0.47101628195160905,0.4917896864925111,0.03701603488106765,0.08789352641841726,0.02820998463571252,0.4917896864925111,0.1505999813280837,0.4917896864925111,0.4917896864925111,0.3652163803762556,0.3652163803762556,0.3652163803762556,0.2593766318472231,0.3652163803762556,0.363903470095202,0.3652163803762556,0.3652163803762556,0.35355339053803103,0.35355339053803103,0.35355339053803103,0.35355339053803103,0.35355339053803103,0.35355339053803103,0.35355339053803103,0.35355339053803103,0.3801803857252318,0.3801803857252318,0.3801803857252318,0.3801803857252318,0.3801803857252318,0.3575527882763919,0.24239947021908562,0.3011857759274352,0.36719755075306104,0.2369846212512257,0.36719755075306104,0.36719755075306104,0.36719755075306104,0.36719755075306104,0.36719755075306104,0.36719755075306104,0.3613167913132313,0.3613167913132313,0.3613167913132313,0.3613167913132313,0.3613167913132313,0.293515304335909,0.3613167913132313,0.3613167913132313,0.37440719552954976,0.37440719552954976,0.37440719552954976,0.37440719552954976,0.3605519491352653,0.3178823404057638,0.2608627396945582,0.37440719552954976,0.3584023287172995,0.31754431984998094,0.3584023287172995,0.3584023287172995,0.3584023287172995,0.3584023287172995,0.3584023287172995,0.3584023287172995,0.42695769423370883,0.42695769423370883,0.42695769423370883,0.2539784382131579,0.42695769423370883,0.03875308636898945,0.1500959274501624,0.42695769423370883,0.3641929084270734,0.3641929084270734,0.3641929084270734,0.3641929084270734,0.3641929084270734,0.2674783688981484,0.3641929084270734,0.3641929084270734,0.37728281972109223,0.19732080223033108,0.32712466172872606,0.37728281972109223,0.37728281972109223,0.37728281972109223,0.37728281972109223,0.37728281972109223,0.4082579816935241,0.4082579816935241,0.4082579816935241,0.4082579816935241,0.4082579816935241,0.36288005806670975,0.13719748464196815,0.12697249767718347,0.4085448481749696,0.4085448481749696,0.31112237805155757,0.31220310594992745,0.2709700543004357,0.25430639764794066,0.4085448481749696,0.4085448481749696
joella,surprised,original,True,images/joella/surprised.jpg,0.8014721274375916,0.42153292894363403,0.35858675837516785,0.22356604039669037,0.03655322641134262,0.005715162493288517,0.004167305771261454,0.0001190658804262057,0.34602242708206177,0.6641045212745667,0.4392586350440979,0.3515697717666626,0.18998406827449799,0.27543362975120544,0.1034657433629036,0.004631275311112404,0.07902843505144119,0.16856199502944946,0.6409728527069092,0.3843171000480652,0.4603593051433563,0.27606627345085144,0.28459835052490234,0.1940516084432602,0.4184491376721464,0.4184491376721464,0.4184491376721464,0.27514254772536495,0.4184491376721464,0.14930425661529848,0.16280790170377027,0.4184491376721464,0.3949121943194525,0.3949121943194525,0.3949121943194525,0.18389724217325998,0.3949121943194525,0.17449342852368394,0.3949121943194525,0.3949121943194525,0.4915606100022058,0.1290208102633765,0.4338844027428981,0.13105987713696593,0.0021423155244688834,0.23026327137247904,0.4915606100022058,0.4915606100022058,0.542854246246595,0.009474418453105305,0.02830843136584074,0.007944808193661458,0.33178310280408735,0.0699537138716459,0.542854246246595,0.542854246246595,0.3548477059469126,0.3548477059469126,0.3548477059469126,0.3443569932130053,0.3548477059469126,0.3548477059469126,0.3548477059469126,0.3548477059469126,0.35355339053803103,0.35355339053803103,0.35355339053803103,0.35355339053803103,0.35355339053803103,0.35355339053803103,0.35355339053803103,0.35355339053803103,0.3868141784094393,0.3868141784094393,0.3868141784094393,0.3868141784094393,0.3868141784094393,0.3868141784094393,0.1538955889764198,0.2802943017760444,0.3564652162457852,0.3564652162457852,0.3564652162457852,0.33245728587331363,0.3564652162457852,0.3564652162457852,0.3564652162457852,0.3564652162457852,0.35355339053803103,0.35355339053803103,0.35355339053803103,0.35355339053803103,0.35355339053803103,0.35355339053803103,0.35355339053803103,0.35355339053803103,0.36998797766613944,0.36998797766613944,0.36998797766613944,0.36998797766613944,0.36998797766613944,0.284042522522642,0.3130067464957721,0.36998797766613944,0.3605734908677783,0.3254878473899771,0.3605734908677783,0.3605734908677783,0.3605734908677783,0.3605734908677783,0.3605734908677783,0.33760658609830335,0.4390175142652816,0.4390175142652816,0.4390175142652816,0.2937938469287471,0.325043856332752,0.07509426229162232,0.1773330395879746,0.4390175142652816,0.36896597508041784,0.36896597508041784,0.36896597508041784,0.36896597508041784,0.36896597508041784,0.21690727117908176,0.36896597508041784,0.36896597508041784,0.2806080122578473,0.11995506078749939,0.3887736973421051,0.3887736973421051,0.3887736973421051,0.3887736973421051,0.3887736973421051,0.3887736973421051,0.42398259971035723,0.42398259971035723,0.42398259971035723,0.42398259971035723,0.42398259971035723,0.18152480284332398,0.17598993172963354,0.1930545652071533,0.36585039625733645,0.36585039625733645,0.36585039625733645,0.25114619760974444,0.36585039625733645,0.36585039625733645,0.36585039625733645,0.36585039625733645
joella,surprised,rotated,True,images/joella/surprised.jpg,0.8177563548088074,0.4188726544380188,0.33954012393951416,0.1983313411474228,0.03393842652440071,0.005494050681591034,0.0039354548789560795,7.792979886289686e-05,0.3369009792804718,0.6915755271911621,0.4522050619125366,0.3345610499382019,0.17006853222846985,0.2267746478319168,0.10694005340337753,0.0037837261334061623,0.05438852310180664,0.16192594170570374,0.6794691681861877,0.3907916247844696,0.4500869810581207,0.2504557967185974,0.2411586046218872,0.18155333399772644,0.5500092377372617,0.24744021689968726,0.0853617018875783,0.1303540779505643,0.33785995302597854,0.24019561766892772,0.37098642390005776,0.5500092377372617,0.4809514086476573,0.2507998014311828,0.06262187726404107,0.01695583401495753,0.0873694985902682,0.4809514086476573,0.4809514086476573,0.4809514086476573,0.2813374802541086,0.384958477550902,0.384958477550902,0.20059975035191266,0.37368946305856027,0.384958477550902,0.384958477550902,0.384958477550902,0.3826953463902386,0.11878929265572326,0.36007699585882463,0.3826953463902386,0.35207246398117253,0.3826953463902386,0.3826953463902386,0.3826953463902386,0.36767805387611807,0.36767805387611807,0.36767805387611807,0.36767805387611807,0.36767805387611807,0.2317108986369109,0.36767805387611807,0.36767805387611807,0.35355339053803103,0.35355339053803103,0.35355339053803103,0.35355339053803103,0.35355339053803103,0.35355339053803103,0.35355339053803103,0.35355339053803103,0.37253641344056554,0.37253641344056554,0.37253641344056554,0.37253641344056554,0.37253641344056554,0.30281836562710185,0.27495592566266397,0.37253641344056554,0.3649726177629749,0.3649726177629749,0.3649726177629749,0.3649726177629749,0.3649726177629749,0.2599325251862057,0.3649726177629749,0.3649726177629749,0.35355339053803103,0.35355339053803103,0.35355339053803103,0.35355339053803103,0.35355339053803103,0.35355339053803103,0.35355339053803103,0.35355339053803103,0.3711073594450325,0.3711073594450325,0.3711073594450325,0.3711073594450325,0.3459130635196107,0.2674986168027937,0.34667748842323964,0.3711073594450325,0.35355339053803103,0.35355339053803103,0.35355339053803103,0.35355339053803103,0.35355339053803103,0.35355339053803103,0.35355339053803103,0.35355339053803103,0.4980707097426169,0.4980707097426169,0.3559325477738895,0.2096300090847715,0.25385214197598427,0.09644514431428529,0.10677737844683818,0.4980707097426169,0.37011425029090506,0.37011425029090506,0.37011425029090506,0.37011425029090506,0.37011425029090506,0.32049300448729084,0.2745485095968576,0.37011425029090506,0.3848982156004207,0.16986980408069904,0.28681776628530264,0.3848982156004207,0.3848982156004207,0.3848982156004207,0.3848982156004207,0.3848982156004207,0.42409552557272706,0.42409552557272706,0.42409552557272706,0.42409552557272706,0.42409552557272706,0.2742413938736188,0.12540469944559426,0.0988951198974666,0.40250461642932545,0.3899572096493316,0.193204610845707,0.023569500436986003,0.40250461642932545,0.40250461642932545,0.40250461642932545,0.40250461642932545
joella,surprised,flipped,True,images/joella/surprised.jpg,0.8014721274375916,0.42153292894363403,0.35858675837516785,0.22356604039669037,0.03655322641134262,0.005715162493288517,0.004167305771261454,0.0001190658804262057,0.34602242708206177,0.6641045212745667,0.4392586350440979,0.3515697717666626,0.18998406827449799,0.27543362975120544,0.1034657433629036,0.004631275311112404,0.07902843505144119,0.16856199502944946,0.6409728527069092,0.3843171000480652,0.4603593051433563,0.27606627345085144,0.28459835052490234,0.1940516084432602,0.568572425495845,0.568572425495845,0.0963332875600956,0.0,0.3148211846415159,0.014890100708528534,0.020122744333540825,0.49440031613411267,0.5728319485664002,0.5728319485664002,0.3159410913623543,0.0,0.13104006542167737,0.4089585874117251,0.14480964988981532,0.19626483054012372,0.37324010897745724,0.37324010897745724,0.2378197886581317,0.37324010897745724,0.32801322241230746,0.37324010897745724,0.37324010897745724,0.37324010897745724,0.4132003199789197,0.1681802596335033,0.15423100431810163,0.3070108711371515,0.4132003199789197,0.4132003199789197,0.4132003199789197,0.4132003199789197,0.36044287082956183,0.3495588170815588,0.36044287082956183,0.3408823319988512,0.36044287082956183,0.36044287082956183,0.36044287082956183,0.3346827649394087,0.30830911034604064,0.12857300661441934,0.3847974519314433,0.3847974519314433,0.3847974519314433,0.3847974519314433,0.3847974519314433,0.3847974519314433,0.35534668315340306,0.3407361781311846,0.35534668315340306,0.35534668315340306,0.35534668315340306,0.35534668315340306,0.35534668315340306,0.35534668315340306,0.374201964444944,0.374201964444944,0.374201964444944,0.1940906416053774,0.374201964444944,0.3495227622407647,0.374201964444944,0.374201964444944,0.4331831586933258,0.1601610582759132,0.09077051013973521,0.1669458132273979,0.4331831586933258,0.4331831586933258,0.4331831586933258,0.4331831586933258,0.3631265395121514,0.3631265395121514,0.3631265395121514,0.3631265395121514,0.3631265395121514,0.3631265395121514,0.3631265395121514,0.27744155021167494,0.36959606390676303,0.30221731162468596,0.2984245188998582,0.36959606390676303,0.36959606390676303,0.36959606390676303,0.36959606390676303,0.36959606390676303,0.3698910495007334,0.3698910495007334,0.3698910495007334,0.20558278175147154,0.3698910495007334,0.3698910495007334,0.3698910495007334,0.3698910495007334,0.36566896330301263,0.36566896330301263,0.36566896330301263,0.2839944347592657,0.3482403613125656,0.3598706126219175,0.36566896330301263,0.36566896330301263,0.33281746613059904,0.1501669254802241,0.20390896058493954,0.4062274151533454,0.4062274151533454,0.4062274151533454,0.4062274151533454,0.4062274151533454,0.3960454949235225,0.3960454949235225,0.3960454949235225,0.3960454949235225,0.3960454949235225,0.3960454949235225,0.13439407231313613,0.2020545189785521,0.37941677144290953,0.37941677144290953,0.2652003591225209,0.2567610765837115,0.37941677144290953,0.37941677144290953,0.37941677144290953,0.37941677144290953
joella,surprised,grayscale,True,images/joella/surprised.jpg,0.1822632998228073,0.6851518750190735,0.41328367590904236,0.43846315145492554,0.2075929492712021,0.2714677155017853,0.13220472633838654,0.005105975549668074,0.1822632998228073,0.6851518750190735,0.41328367590904236,0.43846315145492554,0.2075929492712021,0.2714677155017853,0.13220472633838654,0.005105975549668074,0.1822632998228073,0.6851518750190735,0.41328367590904236,0.43846315145492554,0.2075929492712021,0.2714677155017853,0.13220472633838654,0.005105975549668074,0.4184491376721464,0.4184491376721464,0.4184491376721464,0.27514254772536495,0.4184491376721464,0.14930425661529848,0.16280790170377027,0.4184491376721464,0.3949121943194525,0.3949121943194525,0.3949121943194525,0.18389724217325998,0.3949121943194525,0.17449342852368394,0.3949121943194525,0.3949121943194525,0.4915606100022058,0.1290208102633765,0.4338844027428981,0.13105987713696593,0.0021423155244688834,0.23026327137247904,0.4915606100022058,0.4915606100022058,0.542854246246595,0.009474418453105305,0.02830843136584074,0.007944808193661458,0.33178310280408735,0.0699537138716459,0.542854246246595,0.542854246246595,0.3548477059469126,0.3548477059469126,0.3548477059469126,0.3443569932130053,0.3548477059469126,0.3548477059469126,0.3548477059469126,0.3548477059469126,0.35355339053803103,0.35355339053803103,0.35355339053803103,0.35355339053803103,0.35355339053803103,0.35355339053803103,0.35355339053803103,0.35355339053803103,0.3868141784094393,0.3868141784094393,0.3868141784094393,0.3868141784094393,0.3868141784094393,0.3868141784094393,0.1538955889764198,0.2802943017760444,0.3564652162457852,0.3564652162457852,0.3564652162457852,0.33245728587331363,0.3564652162457852,0.3564652162457852,0.3564652162457852,0.3564652162457852,0.35355339053803103,0.35355339053803103,0.35355339053803103,0.35355339053803103,0.35355339053803103,0.35355339053803103,0.35355339053803103,0.35355339053803103,0.36998797766613944,0.36998797766613944,0.36998797766613944,0.36998797766613944,0.36998797766613944,0.284042522522642,0.3130067464957721,0.36998797766613944,0.3605734908677783,0.3254878473899771,0.3605734908677783,0.3605734908677783,0.3605734908677783,0.3605734908677783,0.3605734908677783,0.33760658609830335,0.4390175142652816,0.4390175142652816,0.4390175142652816,0.2937938469287471,0.325043856332752,0.07509426229162232,0.1773330395879746,0.4390175142652816,0.36896597508041784,0.36896597508041784,0.36896597508041784,0.36896597508041784,0.36896597508041784,0.21690727117908176,0.36896597508041784,0.36896597508041784,0.2806080122578473,0.11995506078749939,0.3887736973421051,0.3887736973421051,0.3887736973421051,0.3887736973421051,0.3887736973421051,0.3887736973421051,0.42398259971035723,0.42398259971035723,0.42398259971035723,0.42398259971035723,0.42398259971035723,0.18152480284332398,0.17598993172963354,0.1930545652071533,0.36585039625733645,0.36585039625733645,0.36585039625733645,0.25114619760974444,0.36585039625733645,0.36585039625733645,0.36585039625733645,0.36585039625733645
sonia,neutral,original,True,images/sonia/neutral.jpg,0.34759870171546936,0.7895092368125916,0.4943278729915619,0.02059032768011093,0.012996644712984562,0.024307170882821083,0.10029323399066925,0.015741201117634773,0.3537667989730835,0.627636194229126,0.5110370516777039,0.4565170705318451,0.020722253248095512,0.040962934494018555,0.04504901170730591,0.08496124297380447,0.16469959914684296,0.49913710355758667,0.32128286361694336,0.29407939314842224,0.41420796513557434,0.5734221339225769,0.15003173053264618,0.10554668307304382,0.7079439119615234,0.634076631731408,0.0945706545804667,0.025834694898738037,0.03002309098783779,0.0222635410896518,0.04354190018186316,0.2895828946290763,0.3995033452774379,0.3995033452774379,0.3995033452774379,0.3995033452774379,0.3995033452774379,0.3090785279782523,0.32127658796150926,0.056896421084995034,0.4452197042595803,0.13139814206383704,0.4452197042595803,0.19709676947406315,0.27546305818597894,0.27408968342566903,0.4452197042595803,0.4452197042595803,0.446192909035151,0.16829781283627995,0.3364709024151631,0.16610379690577998,0.446192909035151,0.18579628060112224,0.446192909035151,0.446192909035151,0.5883844151088139,0.3661493439856826,0.19214750929158056,0.18018595958578723,0.24315554640771056,0.1352133761439881,0.16354600255458604,0.5883844151088139,0.36557769477688196,0.36557769477688196,0.2588693060911411,0.36557769477688196,0.36557769477688196,0.36557769477688196,0.36557769477688196,0.36208338337943496,0.3712227920168069,0.3712227920168069,0.3712227920168069,0.3712227920168069,0.3712227920168069,0.3712227920168069,0.18803050408433586,0.3712227920168069,0.40695415328541673,0.2588566527003235,0.2867254492797555,0.15074261273052464,0.40695415328541673,0.40695415328541673,0.40695415328541673,0.40695415328541673,0.5505922934748086,0.19124042810513323,0.1101438772861286,0.06865874260472861,0.16846188864892017,0.2622439090070531,0.49307847068640226,0.5505922934748086,0.3072574056214871,0.3360956654978219,0.38557979543759957,0.38557979543759957,0.38557979543759957,0.38557979543759957,0.38557979543759957,0.22197679316573585,0.3447176088586901,0.3415517194470068,0.3684664523898965,0.3684664523898965,0.3684664523898965,0.3684664523898965,0.34346689041022754,0.3216715433339832,0.524164330672425,0.524164330672425,0.3529336136707816,0.028031473181669462,0.0999453915452571,0.06770474221003867,0.18929963050413476,0.524164330672425,0.4775034720344245,0.20567063349086237,0.07242913648763785,0.04663941104227403,0.2795432504137047,0.4337110203903953,0.4775034720344245,0.4775034720344245,0.3750149515583433,0.12468561425546675,0.3750149515583433,0.3750149515583433,0.3750149515583433,0.3750149515583433,0.3750149515583433,0.3750149515583433,0.42405034960101734,0.42405034960101734,0.42405034960101734,0.42405034960101734,0.42405034960101734,0.22919940209587397,0.15925886485532378,0.1516929550460917,0.4247762696986387,0.4247762696986387,0.4247762696986387,0.1007605674708934,0.4247762696986387,0.15193221579205216,0.25414466923569395,0.4247762696986387
sonia,neutral,rotated,True,images/sonia/neutral.jpg,0.31938880681991577,0.8034306168556213,0.4941021203994751,0.01763840578496456,0.007112645544111729,0.008592457510530949,0.08814429491758347,0.012172648683190346,0.3147656321525574,0.6432672739028931,0.5331099033355713,0.44130977988243103,0.016755368560552597,0.010007860139012337,0.07694428414106369,0.04322091490030289,0.16489067673683167,0.4715557098388672,0.3467619717121124,0.31068676710128784,0.441959947347641,0.5515949130058289,0.1750996708869934,0.05857279896736145,0.5540406749957982,0.2939193685341358,0.18536718563195528,0.011841076398546393,0.44559277386926,0.01674581087871178,0.2575940954828305,0.5540406749957982,0.3974197968220268,0.3974197968220268,0.3974197968220268,0.3974197968220268,0.3974197968220268,0.3974197968220268,0.18911233102666425,0.1287693924130973,0.4097210677091292,0.4097210677091292,0.4097210677091292,0.13675302374162274,0.2563340045518215,0.3084836602916138,0.4097210677091292,0.38593251511439713,0.3670466115051029,0.23861578854205373,0.3670466115051029,0.3670466115051029,0.3670466115051029,0.3670466115051029,0.3670466115051029,0.3670466115051029,0.4450474332544072,0.33413366595572713,0.21588940017069336,0.18235049424842611,0.4450474332544072,0.127380868013086,0.4450474332544072,0.4450474332544072,0.3555004384570019,0.3396116421476215,0.3555004384570019,0.3555004384570019,0.3555004384570019,0.3555004384570019,0.3555004384570019,0.3555004384570019,0.35355339053803103,0.35355339053803103,0.35355339053803103,0.35355339053803103,0.35355339053803103,0.35355339053803103,0.35355339053803103,0.35355339053803103,0.44502028086377676,0.11123284661248466,0.09684715021801318,0.14580689737430205,0.3923530799558008,0.44907469377679426,0.44907469377679426,0.44907469377679426,0.3554606535601195,0.11766281116452415,0.07810995167649605,0.12623753203392654,0.15826895627392035,0.3833646867630147,0.5769525808874707,0.5769525808874707,0.3436195462697123,0.29676757168928963,0.3732245138768363,0.3732245138768363,0.3732245138768363,0.3732245138768363,0.3732245138768363,0.31204475107553725,0.3319008393951423,0.38205759742562817,0.38205759742562817,0.38205759742562817,0.38205759742562817,0.38205759742562817,0.38205759742562817,0.11846428128351351,0.46736494940499174,0.46736494940499174,0.28388143621505907,0.04123498049964803,0.22311340533324744,0.2560766250917589,0.3834920972521065,0.46736494940499174,0.5261613823014356,0.17340209031627277,0.06691334456993209,0.0828082822943481,0.14829356542216798,0.3256819381882673,0.5261613823014356,0.5261613823014356,0.3887354729416965,0.21744364779630213,0.395070759873156,0.14559692711683894,0.395070759873156,0.395070759873156,0.395070759873156,0.395070759873156,0.3676831209462846,0.4482263943946606,0.4482263943946606,0.4482263943946606,0.4482263943946606,0.20353679324336765,0.08434918927307275,0.11242556473490833,0.4581833532447235,0.22975290995584483,0.10774286385599821,0.1422582853121633,0.4581833532447235,0.2750267525675019,0.4581833532447235,0.4581833532447235
sonia,neutral,flipped,True,images/sonia/neutral.jpg,0.34759870171546936,0.7895092368125916,0.4943278729915619,0.02059032768011093,0.012996644712984562,0.024307170882821083,0.10029323399066925,0.015741201117634773,0.3537667989730835,0.627636194229126,0.5110370516777039,0.4565170705318451,0.020722253248095512,0.040962934494018555,0.04504901170730591,0.08496124297380447,0.16469959914684296,0.49913710355758667,0.32128286361694336,0.29407939314842224,0.41420796513557434,0.5734221339225769,0.15003173053264618,0.10554668307304382,0.5036767722893684,0.5036767722893684,0.23314768269321484,0.16127448585385507,0.5036767722893684,0.22776145381584278,0.25115912428655207,0.20881963328415845,0.46163561572532746,0.46163561572532746,0.3821507607751254,0.23528494326571997,0.241313972351921,0.46163561572532746,0.21454413370933256,0.23455883547420034,0.2438230955733301,0.21269732537163336,0.38750810761288074,0.38750810761288074,0.38750810761288074,0.38750810761288074,0.38750810761288074,0.380128239073087,0.5753054153739224,0.027985593712439562,0.032201667400775215,0.00914750154350262,0.04194139279460322,0.058379262105714654,0.5753054153739224,0.5753054153739224,0.40427221030022575,0.40427221030022575,0.40427221030022575,0.347725604283594,0.3056714068286564,0.20610779549073638,0.34132799949501597,0.3692676645740844,0.3762624242231228,0.15998221548610803,0.3762624242231228,0.3762624242231228,0.3762624242231228,0.3762624242231228,0.3762624242231228,0.35350419952336554,0.36481664255423946,0.36481664255423946,0.36481664255423946,0.36481664255423946,0.36481664255423946,0.2614607444253112,0.36481664255423946,0.36481664255423946,0.5680387607075726,0.16495005200610174,0.1529410354787217,0.23735073775841017,0.21310032599610187,0.18329113961073487,0.41075745684882264,0.5680387607075726,0.5367873120766132,0.1620304048655791,0.10764111947380671,0.02605614357538568,0.1082284140406031,0.29213929748340794,0.5367873120766132,0.5367873120766132,0.37563674337948394,0.22242122410291967,0.37953048919497384,0.37953048919497384,0.37953048919497384,0.37953048919497384,0.37953048919497384,0.29867854725243487,0.3208312428226931,0.33662459320335486,0.3851425009322832,0.3851425009322832,0.3851425009322832,0.3851425009322832,0.3851425009322832,0.20512792688177867,0.5503553191416075,0.4660211525193002,0.2989212935739841,0.14853908894729093,0.09160160639995248,0.0796279744307829,0.22559490403862828,0.5503553191416075,0.42100361188543073,0.23597438549817878,0.16690577499581144,0.17797863835285382,0.4192922496617898,0.42100361188543073,0.42100361188543073,0.42100361188543073,0.3526469662443118,0.13452915106341146,0.23451941713226804,0.40948302133262654,0.40948302133262654,0.40948302133262654,0.40948302133262654,0.3630940487570765,0.3948586687863201,0.3948586687863201,0.3948586687863201,0.3948586687863201,0.3948586687863201,0.33137633789992604,0.18968795706142397,0.27320570941616495,0.47191569362433794,0.47191569362433794,0.47191569362433794,0.2242165039188247,0.09506805591091834,0.056047193775796735,0.2161713396199302,0.47191569362433794
sonia,neutral,grayscale,True,images/sonia/neutral.jpg,0.2609833776950836,0.5876811742782593,0.4159969687461853,0.5972994565963745,0.21067962050437927,0.03878029063344002,0.05290037393569946,0.08949888497591019,0.2609833776950836,0.5876811742782593,0.4159969687461853,0.5972994565963745,0.21067962050437927,0.03878029063344002,0.05290037393569946,0.08949888497591019,0.2609833776950836,0.5876811742782593,0.4159969687461853,0.5972994565963745,0.21067962050437927,0.03878029063344002,0.05290037393569946,0.08949888497591019,0.7079439119615234,0.634076631731408,0.0945706545804667,0.025834694898738037,0.03002309098783779,0.0222635410896518,0.04354190018186316,0.2895828946290763,0.3995033452774379,0.3995033452774379,0.3995033452774379,0.3995033452774379,0.3995033452774379,0.3090785279782523,0.32127658796150926,0.056896421084995034,0.4452197042595803,0.13139814206383704,0.4452197042595803,0.19709676947406315,0.27546305818597894,0.27408968342566903,0.4452197042595803,0.4452197042595803,0.446192909035151,0.16829781283627995,0.3364709024151631,0.16610379690577998,0.446192909035151,0.18579628060112224,0.446192909035151,0.446192909035151,0.5883844151088139,0.3661493439856826,0.19214750929158056,0.18018595958578723,0.24315554640771056,0.1352133761439881,0.16354600255458604,0.5883844151088139,0.36557769477688196,0.36557769477688196,0.2588693060911411,0.36557769477688196,0.36557769477688196,0.36557769477688196,0.36557769477688196,0.36208338337943496,0.3712227920168069,0.3712227920168069,0.3712227920168069,0.3712227920168069,0.3712227920168069,0.3712227920168069,0.18803050408433586,0.3712227920168069,0.40695415328541673,0.2588566527003235,0.2867254492797555,0.15074261273052464,0.40695415328541673,0.40695415328541673,0.40695415328541673,0.40695415328541673,0.5505922934748086,0.19124042810513323,0.1101438772861286,0.06865874260472861,0.16846188864892017,0.2622439090070531,0.49307847068640226,0.5505922934748086,0.3072574056214871,0.3360956654978219,0.38557979543759957,0.38557979543759957,0.38557979543759957,0.38557979543759957,0.38557979543759957,0.22197679316573585,0.3447176088586901,0.3415517194470068,0.3684664523898965,0.3684664523898965,0.3684664523898965,0.3684664523898965,0.34346689041022754,0.3216715433339832,0.524164330672425,0.524164330672425,0.3529336136707816,0.028031473181669462,0.0999453915452571,0.06770474221003867,0.18929963050413476,0.524164330672425,0.4775034720344245,0.20567063349086237,0.07242913648763785,0.04663941104227403,0.2795432504137047,0.4337110203903953,0.4775034720344245,0.4775034720344245,0.3750149515583433,0.12468561425546675,0.3750149515583433,0.3750149515583433,0.3750149515583433,0.3750149515583433,0.3750149515583433,0.3750149515583433,0.42405034960101734,0.42405034960101734,0.42405034960101734,0.42405034960101734,0.42405034960101734,0.22919940209587397,0.15925886485532378,0.1516929550460917,0.4247762696986387,0.4247762696986387,0.4247762696986387,0.1007605674708934,0.4247762696986387,0.15193221579205216,0.25414466923569395,0.4247762696986387
sonia,smiling,original,True,images/sonia/smiling.jpg,0.030033834278583527,0.40403369069099426,0.8573223352432251,0.3086557984352112,0.031229468062520027,0.019883930683135986,0.054557349532842636,0.035180263221263885,0.049723368138074875,0.3911873698234558,0.5104490518569946,0.6251168847084045,0.42886000871658325,0.040212199091911316,0.04875284060835838,0.07249841839075089,0.022087115794420242,0.25824204087257385,0.3864578306674957,0.22186213731765747,0.3159277141094208,0.461256742477417,0.562487781047821,0.32448431849479675,0.7693777923874527,0.4830089874629635,0.11648037330095715,0.022656322533380874,0.040865642390542405,0.03475865677094609,0.034177274431709995,0.3957687352229803,0.3931409609672018,0.3931409609672018,0.3931409609672018,0.3931409609672018,0.3931409609672018,0.34082405806884897,0.3300754734114222,0.04571725009483057,0.41886985304474755,0.14080737781143027,0.41788126709516726,0.24906790117113967,0.3262277345970276,0.3327661535416216,0.41886985304474755,0.41886985304474755,0.396488986115245,0.23198041986830703,0.396488986115245,0.24088452135037697,0.396488986115245,0.3195968573453753,0.396488986115245,0.396488986115245,0.5929894429767372,0.2554621721257632,0.12563259389192366,0.21381538001867756,0.32796101979675346,0.1846834073345611,0.1682235475152015,0.5929894429767372,0.3889718017681652,0.13071010461314134,0.2740811791224219,0.3889718017681652,0.3889718017681652,0.3889718017681652,0.3889718017681652,0.3889718017681652,0.36568663807280194,0.36568663807280194,0.36568663807280194,0.36568663807280194,0.36568663807280194,0.2528101635828037,0.36568663807280194,0.36568663807280194,0.39297969658154747,0.2120717211931183,0.3354573316461634,0.2651956894489722,0.39297969658154747,0.39297969658154747,0.39297969658154747,0.39297969658154747,0.5640255587651042,0.2069421514133573,0.18532654877978186,0.12310898355380007,0.2742958895630066,0.16719413280334527,0.4101602353998062,0.5640255587651042,0.23771654667679412,0.4226083872541584,0.4592365438799666,0.4592365438799666,0.4592365438799666,0.2823941040967284,0.20989851224487904,0.0916218792406932,0.21899387481254395,0.3211888544225277,0.3306765731191591,0.4152790225387521,0.4152790225387521,0.4152790225387521,0.4152790225387521,0.22294784122165084,0.45408523793883876,0.45408523793883876,0.45408523793883876,0.0454947807078295,0.26463433079932425,0.04572583827594896,0.31785913520509534,0.45408523793883876,0.4770686080963173,0.2981220483533191,0.19505215790869182,0.0516288522871724,0.2356362269941343,0.363461908676003,0.4770686080963173,0.4770686080963173,0.2416118919028117,0.027759373872100274,0.18193294985611486,0.4439807414717567,0.4439807414717567,0.4439807414717567,0.4439807414717567,0.3453663517570646,0.42369290922785885,0.42369290922785885,0.42369290922785885,0.42369290922785885,0.42369290922785885,0.07336641182690865,0.03888318864229111,0.3090745220137532,0.4444425691912636,0.4444425691912636,0.4444425691912636,0.30232392516500367,0.4097020667266636,0.08866342175340917,0.12041126273092496,0.35467843720958064
sonia,smiling,rotated,True,images/sonia/smiling.jpg,0.02849396876990795,0.3705989718437195,0.8736334443092346,0.30782100558280945,0.026403481140732765,0.017699453979730606,0.025884026661515236,0.04663686081767082,0.05096709728240967,0.3510168492794037,0.5067549347877502,0.6589430570602417,0.42014575004577637,0.03749631717801094,0.03313812240958214,0.06446957588195801,0.02153743803501129,0.23444931209087372,0.3620069921016693,0.24251873791217804,0.3155793249607086,0.4884470999240875,0.569785475730896,0.30311527848243713,0.6226806328107634,0.3462024140748099,0.24361230518762506,0.007409185960569791,0.1741417098079724,0.024165027962245386,0.11987665167802025,0.6226806328107634,0.3960987265786865,0.3960987265786865,0.3960987265786865,0.3960987265786865,0.3960987265786865,0.3960987265786865,0.20990856441573683,0.12071945580206382,0.4337744554768023,0.3246614292242645,0.41315590306956723,0.16536409225284884,0.27520116722796956,0.3193804133040405,0.4337744554768023,0.37748084105227075,0.3727911771237439,0.16488531609400683,0.3727911771237439,0.3727911771237439,0.3727911771237439,0.3727911771237439,0.3727911771237439,0.3727911771237439,0.3775739961864189,0.34455746020829997,0.3775739961864189,0.3775739961864189,0.3775739961864189,0.16095782267820682,0.3775739961864189,0.3775739961864189,0.3597963342401228,0.3063106017557264,0.3597963342401228,0.3597963342401228,0.3597963342401228,0.3597963342401228,0.3597963342401228,0.3597963342401228,0.3692588024308255,0.3692588024308255,0.3692588024308255,0.3692588024308255,0.3692588024308255,0.2341969174243168,0.3692588024308255,0.3564259032284033,0.40633590026091343,0.1834409341028628,0.09906805073057931,0.17340012907664507,0.4362792901168411,0.4362792901168411,0.4362792901168411,0.4362792901168411,0.47693233347479846,0.06981300254251441,0.09486493674383983,0.11509057571553423,0.175515486058724,0.11922761578607693,0.5917751203085424,0.5917751203085424,0.33151919259049367,0.4524351767701682,0.4524351767701682,0.4524351767701682,0.4524351767701682,0.17722863343441264,0.14799418184518204,0.13413575715347334,0.38664017507405013,0.38519306205715625,0.38664017507405013,0.38664017507405013,0.38664017507405013,0.38664017507405013,0.23218616871931835,0.22419358313361348,0.4708595609972088,0.4708595609972088,0.35319355543143327,0.12616370166844681,0.32716169090424985,0.16474264612066647,0.2450223300744782,0.4708595609972088,0.500435926789219,0.1387257937472186,0.1549886224949634,0.2521437195492848,0.18103717710943157,0.33026415965431943,0.500435926789219,0.500435926789219,0.3509699352538453,0.33338961405463985,0.2981853263599574,0.37760814189384406,0.37760814189384406,0.37760814189384406,0.37760814189384406,0.3261983220028267,0.4052247499102823,0.44773093625041277,0.44773093625041277,0.44773093625041277,0.44773093625041277,0.08127395876333036,0.07528721640590536,0.14719821713965728,0.4569853420922608,0.3938265369513681,0.29546508888378653,0.017795696076252074,0.3929823251342621,0.1066561836042233,0.41689626716912603,0.4569853420922608
sonia,smiling,flipped,True,images/sonia/smiling.jpg,0.030033834278583527,0.40403369069099426,0.8573223352432251,0.3086557984352112,0.031229468062520027,0.019883930683135986,0.054557349532842636,0.035180263221263885,0.049723368138074875,0.3911873698234558,0.5104490518569946,0.6251168847084045,0.42886000871658325,0.040212199091911316,0.04875284060835838,0.07249841839075089,0.022087115794420242,0.25824204087257385,0.3864578306674957,0.22186213731765747,0.3159277141094208,0.461256742477417,0.562487781047821,0.32448431849479675,0.4147057538199307,0.4147057538199307,0.37058721569935194,0.1603862960048301,0.4147057538199307,0.29015463126741736,0.3028739935779191,0.3808889580944312,0.4776357899098702,0.4776357899098702,0.3803782909979361,0.2544272932745671,0.3460549341033746,0.3944370044382817,0.18871121071382127,0.15284215080226837,0.1640600047364568,0.23541173593052936,0.3910809014875072,0.3910809014875072,0.3910809014875072,0.3910809014875072,0.3910809014875072,0.3910809014875072,0.6229338723360445,0.015089201950247252,0.04686744724246638,0.01346393025909572,0.0436268789627827,0.07672189548596214,0.46207327077335913,0.6229338723360445,0.3787168147703795,0.3787168147703795,0.3787168147703795,0.3787168147703795,0.3787168147703795,0.2520907701411424,0.27548446147132855,0.3787168147703795,0.365140262720946,0.3033335463818024,0.3286704893150454,0.365140262720946,0.365140262720946,0.365140262720946,0.365140262720946,0.365140262720946,0.38948924168663296,0.38948924168663296,0.38948924168663296,0.38948924168663296,0.38948924168663296,0.23626416263331979,0.18430417450006711,0.38948924168663296,0.5874301845362908,0.17025556477117448,0.19308701916068122,0.25339417529123726,0.30440279842966406,0.1264051681441603,0.2659587620813303,0.5874301845362908,0.46163530443800066,0.31927594804824505,0.058160241315440384,0.18614793601842303,0.13579593583903743,0.4497412607380386,0.46163530443800066,0.46163530443800066,0.3090804329958117,0.4107273933838677,0.4107273933838677,0.4107273933838677,0.4107273933838677,0.3184008260530875,0.33281630124096434,0.13242183509809993,0.12209015484265442,0.1891510738348274,0.2940920982162685,0.4534166277621627,0.4534166277621627,0.4534166277621627,0.4534166277621627,0.20119430728916712,0.5665215614019246,0.3961437784135949,0.19004844241241534,0.2446270032035742,0.15886113884522565,0.1808572493677881,0.21741609809637752,0.5665215614019246,0.4379038030549168,0.10376582308420966,0.10372256927304782,0.14026966334121693,0.4379038030549168,0.4379038030549168,0.4379038030549168,0.4379038030549168,0.40688892271867094,0.033632712280165636,0.07427831220362749,0.40688892271867094,0.40688892271867094,0.40688892271867094,0.40688892271867094,0.40688892271867094,0.44013346332478687,0.44013346332478687,0.44013346332478687,0.44013346332478687,0.44013346332478687,0.08849267665594661,0.12025232657081854,0.09550442899112084,0.45791105423823253,0.45791105423823253,0.4493610954029863,0.11609824138607698,0.15934938590801834,0.14066909978460632,0.3322170684310174,0.45791105423823253
sonia,smiling,grayscale,True,images/sonia/smiling.jpg,0.03682582080364227,0.330495148897171,0.43725764751434326,0.4906303584575653,0.6303333044052124,0.22680002450942993,0.05420774593949318,0.07620780915021896,0.03682582080364227,0.330495148897171,0.43725764751434326,0.4906303584575653,0.6303333044052124,0.22680002450942993,0.05420774593949318,0.07620780915021896,0.03682582080364227,0.330495148897171,0.43725764751434326,0.4906303584575653,0.6303333044052124,0.22680002450942993,0.05420774593949318,0.07620780915021896,0.7693777923874527,0.4830089874629635,0.11648037330095715,0.022656322533380874,0.040865642390542405,0.03475865677094609,0.034177274431709995,0.3957687352229803,0.3931409609672018,0.3931409609672018,0.3931409609672018,0.3931409609672018,0.3931409609672018,0.34082405806884897,0.3300754734114222,0.04571725009483057,0.41886985304474755,0.14080737781143027,0.41788126709516726,0.24906790117113967,0.3262277345970276,0.3327661535416216,0.41886985304474755,0.41886985304474755,0.396488986115245,0.23198041986830703,0.396488986115245,0.24088452135037697,0.396488986115245,0.3195968573453753,0.396488986115245,0.396488986115245,0.5929894429767372,0.2554621721257632,0.12563259389192366,0.21381538001867756,0.32796101979675346,0.1846834073345611,0.1682235475152015,0.5929894429767372,0.3889718017681652,0.13071010461314134,0.2740811791224219,0.3889718017681652,0.3889718017681652,0.3889718017681652,0.3889718017681652,0.3889718017681652,0.36568663807280194,0.36568663807280194,0.36568663807280194,0.36568663807280194,0.36568663807280194,0.2528101635828037,0.36568663807280194,0.36568663807280194,0.39297969658154747,0.2120717211931183,0.3354573316461634,0.2651956894489722,0.39297969658154747,0.39297969658154747,0.39297969658154747,0.39297969658154747,0.5640255587651042,0.2069421514133573,0.18532654877978186,0.12310898355380007,0.2742958895630066,0.16719413280334527,0.4101602353998062,0.5640255587651042,0.23771654667679412,0.4226083872541584,0.4592365438799666,0.4592365438799666,0.4592365438799666,0.2823941040967284,0.20989851224487904,0.0916218792406932,0.21899387481254395,0.3211888544225277,0.3306765731191591,0.4152790225387521,0.4152790225387521,0.4152790225387521,0.4152790225387521,0.22294784122165084,0.45408523793883876,0.45408523793883876,0.45408523793883876,0.0454947807078295,0.26463433079932425,0.04572583827594896,0.31785913520509534,0.45408523793883876,0.4770686080963173,0.2981220483533191,0.19505215790869182,0.0516288522871724,0.2356362269941343,0.363461908676003,0.4770686080963173,0.4770686080963173,0.2416118919028117,0.027759373872100274,0.18193294985611486,0.4439807414717567,0.4439807414717567,0.4439807414717567,0.4439807414717567,0.3453663517570646,0.42369290922785885,0.42369290922785885,0.42369290922785885,0.42369290922785885,0.42369290922785885,0.07336641182690865,0.03888318864229111,0.3090745220137532,0.4444425691912636,0.4444425691912636,0.4444425691912636,0.30232392516500367,0.4097020667266636,0.08866342175340917,0.12041126273092496,0.35467843720958064
sonia,surprised,original,True,images/sonia/surprised.jpg,0.03423384577035904,0.42875611782073975,0.6984503865242004,0.4862472712993622,0.25000283122062683,0.1251295655965805,0.051641013473272324,0.09950507432222366,0.07504116743803024,0.4265987277030945,0.4745151698589325,0.5823690295219421,0.3971368074417114,0.26254355907440186,0.12972621619701385,0.0677364245057106,0.06450364738702774,0.37059658765792847,0.3405967652797699,0.29738879203796387,0.451641708612442,0.4493629038333893,0.4836522340774536,0.11926651000976562,0.548097790543511,0.548097790543511,0.11894584244535646,0.03707822032553948,0.17245891527089335,0.10942369812780649,0.2037839645973479,0.548097790543511,0.38028287856668674,0.38028287856668674,0.38028287856668674,0.38028287856668674,0.38028287856668674,0.19620835039081846,0.38028287856668674,0.30628724506512434,0.3735635480966248,0.15215757748252548,0.3735635480966248,0.3735635480966248,0.3735635480966248,0.3735635480966248,0.3735635480966248,0.3735635480966248,0.4466449196998094,0.3070177431608755,0.23074233261051746,0.141705617629269,0.4466449196998094,0.1856094329091096,0.4466449196998094,0.4466449196998094,0.4451209503520501,0.4451209503520501,0.13410608437901203,0.1469587136104566,0.4243609426961369,0.2255791098022296,0.36749499090341387,0.4451209503520501,0.35355339053803103,0.35355339053803103,0.35355339053803103,0.35355339053803103,0.35355339053803103,0.35355339053803103,0.35355339053803103,0.35355339053803103,0.3572659379372349,0.3572659379372349,0.3572659379372349,0.3572659379372349,0.3572659379372349,0.3572659379372349,0.32638527357970243,0.3572659379372349,0.36402442876066676,0.28294063231773064,0.36402442876066676,0.36402442876066676,0.36402442876066676,0.35335801935880795,0.36402442876066676,0.36402442876066676,0.47274866041083824,0.47274866041083824,0.2865432895977329,0.21385839701599924,0.09250360602490866,0.3110068813705723,0.31048581852532636,0.47274866041083824,0.36027548136705756,0.36027548136705756,0.36027548136705756,0.30234259103812744,0.36027548136705756,0.36027548136705756,0.36027548136705756,0.36027548136705756,0.3174341587256232,0.3089331321215208,0.3660136323546861,0.3660136323546861,0.3660136323546861,0.3660136323546861,0.3660136323546861,0.3660136323546861,0.4397363782883125,0.4397363782883125,0.4397363782883125,0.18281811694963307,0.2975774305547827,0.11613925427079719,0.30176903836033103,0.4397363782883125,0.3748973838557218,0.3748973838557218,0.3748973838557218,0.12713638619836173,0.3748973838557218,0.3748973838557218,0.3748973838557218,0.3748973838557218,0.35992383815810386,0.35992383815810386,0.35992383815810386,0.35992383815810386,0.35992383815810386,0.3052602410319933,0.35992383815810386,0.35992383815810386,0.3837391435925824,0.3837391435925824,0.3837391435925824,0.3837391435925824,0.3837391435925824,0.2387697701299857,0.24383316950924327,0.3837391435925824,0.3663570111669767,0.3663570111669767,0.3663570111669767,0.28336138954086443,0.3663570111669767,0.3663570111669767,0.3382330037041398,0.3663570111669767
sonia,surprised,rotated,True,images/sonia/surprised.jpg,0.022742506116628647,0.4016793668270111,0.728521466255188,0.4816916882991791,0.21883897483348846,0.07103830575942993,0.04274741932749748,0.14353324472904205,0.049462080001831055,0.4114181697368622,0.49799323081970215,0.6069279909133911,0.3813454210758209,0.1962154507637024,0.15129095315933228,0.07152637094259262,0.04306501895189285,0.36262431740760803,0.3552975058555603,0.31355413794517517,0.47319185733795166,0.40801334381103516,0.4887147843837738,0.11344151198863983,0.5475866483201896,0.22175478413487473,0.14738148283627225,0.10267635406138514,0.1056506501732531,0.2901021277933677,0.47279752593257207,0.5475866483201896,0.41152535840973464,0.41152535840973464,0.41152535840973464,0.41152535840973464,0.2847772069537406,0.17937038515931913,0.2813021576323467,0.3608113365158932,0.35134727694230067,0.19818914518403283,0.37355859722574264,0.37355859722574264,0.37355859722574264,0.37355859722574264,0.37355859722574264,0.37355859722574264,0.35355339053803103,0.35355339053803103,0.35355339053803103,0.35355339053803103,0.35355339053803103,0.35355339053803103,0.35355339053803103,0.35355339053803103,0.4579259968442048,0.36604559889738303,0.21425965767589544,0.17456812689881118,0.27417540139367763,0.2921790216298972,0.4579259968442048,0.4579259968442048,0.365282626496842,0.25686615020940695,0.365282626496842,0.365282626496842,0.365282626496842,0.365282626496842,0.365282626496842,0.365282626496842,0.35355339053803103,0.35355339053803103,0.35355339053803103,0.35355339053803103,0.35355339053803103,0.35355339053803103,0.35355339053803103,0.35355339053803103,0.386270795463299,0.25395908294588043,0.2999854821626618,0.31541695764283373,0.386270795463299,0.386270795463299,0.386270795463299,0.386270795463299,0.37466677541039395,0.37466677541039395,0.2014079416830292,0.37466677541039395,0.3423210263736836,0.37466677541039395,0.37466677541039395,0.37466677541039395,0.35355339053803103,0.35355339053803103,0.35355339053803103,0.35355339053803103,0.35355339053803103,0.35355339053803103,0.35355339053803103,0.35355339053803103,0.29262585639920125,0.32573813584458566,0.3789009838033596,0.3789009838033596,0.3789009838033596,0.3789009838033596,0.3789009838033596,0.3007241211283931,0.4715170573859746,0.4715170573859746,0.3658539800483211,0.14107264544595088,0.3068492485384473,0.24816374031474195,0.1533710007806722,0.4715170573859746,0.4421033688128902,0.30804785069971496,0.11010221163288378,0.23300311749678868,0.4421033688128902,0.23847854527849496,0.4421033688128902,0.4421033688128902,0.37218900425995277,0.37218900425995277,0.2725164102597599,0.3446021719053378,0.33817284700411815,0.37218900425995277,0.37218900425995277,0.37218900425995277,0.4320367779164573,0.4320367779164573,0.4320367779164573,0.4320367779164573,0.4320367779164573,0.20301150391416112,0.10303369101791339,0.12203073369002179,0.41232074126762047,0.41232074126762047,0.28416124344000177,0.1454887964225088,0.41232074126762047,0.2191881133176261,0.41232074126762047,0.41232074126762047
sonia,surprised,flipped,True,images/sonia/surprised.jpg,0.03423384577035904,0.42875611782073975,0.6984503865242004,0.4862472712993622,0.25000283122062683,0.1251295655965805,0.051641013473272324,0.09950507432222366,0.07504116743803024,0.4265987277030945,0.4745151698589325,0.5823690295219421,0.3971368074417114,0.26254355907440186,0.12972621619701385,0.0677364245057106,0.06450364738702774,0.37059658765792847,0.3405967652797699,0.29738879203796387,0.451641708612442,0.4493629038333893,0.4836522340774536,0.11926651000976562,0.43604402290015326,0.43604402290015326,0.22858440079660167,0.183178771281806,0.43604402290015326,0.15631069971439318,0.3594775577359588,0.43604402290015326,0.381394159610375,0.381394159610375,0.381394159610375,0.381394159610375,0.381394159610375,0.381394159610375,0.25176158431152407,0.25267978627478804,0.3716063209117854,0.3716063209117854,0.2347215819268812,0.3411132248725591,0.3716063209117854,0.3716063209117854,0.3716063209117854,0.3716063209117854,0.551794414519689,0.1849329811109383,0.13494461294197502,0.10010314188855798,0.11389622350088693,0.10566705610106303,0.551794414519689,0.551794414519689,0.36296734167507755,0.36296734167507755,0.3586730260459755,0.36296734167507755,0.36296734167507755,0.2940261254736137,0.3552123899630647,0.36296734167507755,0.3588662053408523,0.31385558196061775,0.3588662053408523,0.3588662053408523,0.3588662053408523,0.3588662053408523,0.3588662053408523,0.3588662053408523,0.35355339053803103,0.35355339053803103,0.35355339053803103,0.35355339053803103,0.35355339053803103,0.35355339053803103,0.35355339053803103,0.35355339053803103,0.4542430969779715,0.36044432810724986,0.248890552279484,0.2893974372316131,0.2975864935336471,0.12967038034644338,0.4542430969779715,0.4542430969779715,0.44845639277117433,0.2813477861627801,0.1449743554732679,0.126913967444789,0.3631535700669145,0.3853553940672253,0.44845639277117433,0.44845639277117433,0.37390330860253823,0.37390330860253823,0.37390330860253823,0.37390330860253823,0.37390330860253823,0.37390330860253823,0.3263080708311488,0.23388231540113272,0.35355339053803103,0.35355339053803103,0.35355339053803103,0.35355339053803103,0.35355339053803103,0.35355339053803103,0.35355339053803103,0.35355339053803103,0.46457113757418944,0.2894807371437986,0.34099767334144876,0.05027552516208756,0.26051593905669257,0.28643721916851556,0.46457113757418944,0.46457113757418944,0.3571550032295743,0.3272340528699303,0.3571550032295743,0.3571550032295743,0.3571550032295743,0.3571550032295743,0.3571550032295743,0.3571550032295743,0.3845941459770606,0.23137623855920567,0.24287670357912905,0.3845941459770606,0.3845941459770606,0.3845941459770606,0.3845941459770606,0.3845941459770606,0.35874835721361487,0.35874835721361487,0.3147972570623464,0.35874835721361487,0.35874835721361487,0.35874835721361487,0.35874835721361487,0.35874835721361487,0.3687368809810399,0.3687368809810399,0.3687368809810399,0.3687368809810399,0.219617367006126,0.3687368809810399,0.3687368809810399,0.3687368809810399
sonia,surprised,grayscale,True,images/sonia/surprised.jpg,0.06573273986577988,0.40612494945526123,0.41066089272499084,0.5508736371994019,0.4090122580528259,0.4048350751399994,0.15336784720420837,0.06271731853485107,0.06573273986577988,0.40612494945526123,0.41066089272499084,0.5508736371994019,0.4090122580528259,0.4048350751399994,0.15336784720420837,0.06271731853485107,0.06573273986577988,0.40612494945526123,0.41066089272499084,0.5508736371994019,0.4090122580528259,0.4048350751399994,0.15336784720420837,0.06271731853485107,0.548097790543511,0.548097790543511,0.11894584244535646,0.03707822032553948,0.17245891527089335,0.10942369812780649,0.2037839645973479,0.548097790543511,0.38028287856668674,0.38028287856668674,0.38028287856668674,0.38028287856668674,0.38028287856668674,0.19620835039081846,0.38028287856668674,0.30628724506512434,0.3735635480966248,0.15215757748252548,0.3735635480966248,0.3735635480966248,0.3735635480966248,0.3735635480966248,0.3735635480966248,0.3735635480966248,0.4466449196998094,0.3070177431608755,0.23074233261051746,0.141705617629269,0.4466449196998094,0.1856094329091096,0.4466449196998094,0.4466449196998094,0.4451209503520501,0.4451209503520501,0.13410608437901203,0.1469587136104566,0.4243609426961369,0.2255791098022296,0.36749499090341387,0.4451209503520501,0.35355339053803103,0.35355339053803103,0.35355339053803103,0.35355339053803103,0.35355339053803103,0.35355339053803103,0.35355339053803103,0.35355339053803103,0.3572659379372349,0.3572659379372349,0.3572659379372349,0.3572659379372349,0.3572659379372349,0.3572659379372349,0.32638527357970243,0.3572659379372349,0.36402442876066676,0.28294063231773064,0.36402442876066676,0.36402442876066676,0.36402442876066676,0.35335801935880795,0.36402442876066676,0.36402442876066676,0.47274866041083824,0.47274866041083824,0.2865432895977329,0.21385839701599924,0.09250360602490866,0.3110068813705723,0.31048581852532636,0.47274866041083824,0.36027548136705756,0.36027548136705756,0.36027548136705756,0.30234259103812744,0.36027548136705756,0.36027548136705756,0.36027548136705756,0.36027548136705756,0.3174341587256232,0.3089331321215208,0.3660136323546861,0.3660136323546861,0.3660136323546861,0.3660136323546861,0.3660136323546861,0.3660136323546861,0.4397363782883125,0.4397363782883125,0.4397363782883125,0.18281811694963307,0.2975774305547827,0.11613925427079719,0.30176903836033103,0.4397363782883125,0.3748973838557218,0.3748973838557218,0.3748973838557218,0.12713638619836173,0.3748973838557218,0.3748973838557218,0.3748973838557218,0.3748973838557218,0.35992383815810386,0.35992383815810386,0.35992383815810386,0.35992383815810386,0.35992383815810386,0.3052602410319933,0.35992383815810386,0.35992383815810386,0.3837391435925824,0.3837391435925824,0.3837391435925824,0.3837391435925824,0.3837391435925824,0.2387697701299857,0.24383316950924327,0.3837391435925824,0.3663570111669767,0.3663570111669767,0.3663570111669767,0.28336138954086443,0.3663570111669767,0.3663570111669767,0.3382330037041398,0.3663570111669767
